9,0,i,vers,35,200,S2RI32.32-20-9-9-2,S2RI32.32-20-9-9-2
9,0,i,uid,1000,com.android.dynsystem
9,0,i,uid,1000,android
9,0,i,uid,1000,com.qualcomm.qti.xrvd.service
9,0,i,uid,1000,com.android.providers.settings
9,0,i,uid,1000,com.android.inputdevices
9,0,i,uid,1000,com.motorola.android.jvtcmd
9,0,i,uid,1000,com.android.server.telecom
9,0,i,uid,1000,com.motorola.android.providers.settings
9,0,i,uid,1000,com.android.keychain
9,0,i,uid,1000,com.android.localtransport
9,0,i,uid,1000,com.android.settings
9,0,i,uid,1000,com.android.wallpaperbackup
9,0,i,uid,1000,com.android.location.fused
9,0,i,uid,1001,com.android.providers.telephony
9,0,i,uid,1001,com.qualcomm.qti.uceShimService
9,0,i,uid,1001,com.android.mms.service
9,0,i,uid,1001,com.qti.qualcomm.datastatusnotification
9,0,i,uid,1001,com.android.ons
9,0,i,uid,1001,com.android.stk
9,0,i,uid,1001,com.qualcomm.qti.dynamicddsservice
9,0,i,uid,1001,com.qti.dpmserviceapp
9,0,i,uid,1001,com.android.service.ims
9,0,i,uid,1001,com.android.phone
9,0,i,uid,1001,vendor.qti.imsrcs
9,0,i,uid,1002,com.android.bluetooth
9,0,i,uid,1007,com.motorola.bug2go
9,0,i,uid,1007,com.motorola.android.nativedropboxagent
9,0,i,uid,1068,com.android.se
9,0,i,uid,1073,com.google.android.networkstack.tethering
9,0,i,uid,1073,com.google.android.cellbroadcastservice
9,0,i,uid,1073,com.google.android.networkstack
9,0,i,uid,1073,com.google.android.networkstack.permissionconfig
9,0,i,uid,2000,com.android.shell
9,0,i,uid,10085,com.android.vpndialogs
9,0,i,uid,10086,com.android.providers.calendar
9,0,i,uid,10088,com.android.calllogbackup
9,0,i,uid,10088,com.android.providers.blockednumber
9,0,i,uid,10088,com.android.providers.userdictionary
9,0,i,uid,10088,com.android.providers.contacts
9,0,i,uid,10089,com.android.statementservice
9,0,i,uid,10090,com.motorola.systemserver
9,0,i,uid,10091,com.android.providers.media
9,0,i,uid,10091,com.android.providers.downloads
9,0,i,uid,10091,com.android.providers.downloads.ui
9,0,i,uid,10091,com.android.mtp
9,0,i,uid,10091,com.android.soundpicker
9,0,i,uid,10093,com.google.android.packageinstaller
9,0,i,uid,10096,com.android.externalstorage
9,0,i,uid,10097,com.android.traceur
9,0,i,uid,10098,com.android.managedprovisioning
9,0,i,uid,10099,com.android.cellbroadcastreceiver
9,0,i,uid,10101,com.google.android.documentsui
9,0,i,uid,10115,com.android.printspooler
9,0,i,uid,10122,vendor.qti.hardware.cacert.server
9,0,i,uid,10122,vendor.qti.iwlan
9,0,i,uid,10122,com.qualcomm.qti.cne
9,0,i,uid,10123,com.qualcomm.timeservice
9,0,i,uid,10124,com.google.android.ims
9,0,i,uid,10125,com.google.android.apps.googleassistant
9,0,i,uid,10126,com.motorola.carriersettingsext
9,0,i,uid,10127,com.google.android.apps.restore
9,0,i,uid,10128,com.google.android.apps.wellbeing
9,0,i,uid,10129,com.google.android.gms
9,0,i,uid,10129,com.google.android.gsf
9,0,i,uid,10130,com.google.android.apps.carrier.carrierwifi
9,0,i,uid,10131,com.motorola.screenshoteditor
9,0,i,uid,10133,com.google.android.wfcactivation
9,0,i,uid,10134,com.motorola.android.provisioning
9,0,i,uid,10135,com.motorola.contacts.preloadcontacts
9,0,i,uid,10136,com.google.android.apps.turbo
9,0,i,uid,10137,com.motorola.dynamicvolume
9,0,i,uid,10138,com.motorola.attvowifi
9,0,i,uid,10140,com.motorola.faceunlock
9,0,i,uid,10142,com.motorola.actions
9,0,i,uid,10143,com.google.android.onetimeinitializer
9,0,i,uid,10144,com.google.android.configupdater
9,0,i,uid,10145,com.google.android.as.oss
9,0,i,uid,10146,com.google.android.partnersetup
9,0,i,uid,10149,com.motorola.genie
9,0,i,uid,10150,com.google.android.googlequicksearchbox
9,0,i,uid,10152,com.motorola.gamemode
9,0,i,uid,10153,com.motorola.camera3
9,0,i,uid,10155,com.motorola.motodisplay
9,0,i,uid,10158,com.google.android.as
9,0,i,uid,10161,com.motorola.moto
9,0,i,uid,10162,com.motorola.mototour
9,0,i,uid,10163,com.google.android.dialer
9,0,i,uid,10164,com.motorola.help
9,0,i,uid,10165,com.motorola.telprov
9,0,i,uid,10168,com.android.imsserviceentitlement
9,0,i,uid,10170,com.motorola.vzw.pco.extensions.pcoreceiver
9,0,i,uid,10172,com.google.android.carrier
9,0,i,uid,10173,com.google.android.projection.gearhead
9,0,i,uid,10176,com.google.android.apps.nbu.files
9,0,i,uid,10178,com.motorola.omadm.service
9,0,i,uid,10179,com.google.android.apps.messaging
9,0,i,uid,10180,com.android.vending
9,0,i,uid,10182,com.google.android.tts
9,0,i,uid,10183,com.motorola.timeweatherwidget
9,0,i,uid,10184,com.motorola.appforecast
9,0,i,uid,10185,com.google.android.marvin.talkback
9,0,i,uid,10186,com.google.android.videos
9,0,i,uid,10189,com.motorola.thermalservice
9,0,i,uid,10191,com.google.android.youtube
9,0,i,uid,10192,android.autoinstalls.config.motorola.layout
9,0,i,uid,10194,com.qualcomm.qti.devicestatisticsservice
9,0,i,uid,10195,com.google.android.apps.youtube.music
9,0,i,uid,10197,com.motorola.slpc_sys
9,0,i,uid,10198,com.google.android.apps.photos
9,0,i,uid,10200,com.google.android.gm
9,0,i,uid,10201,com.google.android.deskclock
9,0,i,uid,10202,com.android.chrome
9,0,i,uid,10204,com.google.android.apps.maps
9,0,i,uid,10205,com.google.android.webview
9,0,i,uid,10206,com.google.android.apps.subscriptions.red
9,0,i,uid,10208,com.google.android.syncadapters.contacts
9,0,i,uid,10209,com.motorola.audiofx
9,0,i,uid,10210,com.google.android.apps.tachyon
9,0,i,uid,10216,com.google.android.calendar
9,0,i,uid,10217,com.google.android.inputmethod.latin
9,0,i,uid,10218,com.google.android.contacts
9,0,i,uid,10220,com.motorola.mobiledesktop.core
9,0,i,uid,10221,com.motorola.ccc.devicemanagement
9,0,i,uid,10221,com.motorola.ccc.ota
9,0,i,uid,10221,com.motorola.ccc.notification
9,0,i,uid,10221,com.motorola.android.fota
9,0,i,uid,10222,com.motorola.motcameradesktop
9,0,i,uid,10223,com.motorola.msimsettings
9,0,i,uid,10224,com.qualcomm.location
9,0,i,uid,10226,com.motorola.coresettingsext
9,0,i,uid,10227,com.motorola.launcher3
9,0,i,uid,10228,com.motorola.paks
9,0,i,uid,10230,com.motorola.rcsConfigService
9,0,i,uid,10231,com.motorola.hiddenmenuapp
9,0,i,uid,10232,com.motorola.imagertuning_V2
9,0,i,uid,10233,com.motorola.demo
9,0,i,uid,10234,com.motorola.systemui.desk
9,0,i,uid,10235,com.motorola.wifi.motowifimetrics
9,0,i,uid,10237,com.motorola.discovery
9,0,i,uid,10239,org.codeaurora.ims
9,0,i,uid,10240,com.motorola.gesture
9,0,i,uid,10242,com.google.android.apps.wallpaper
9,0,i,uid,10243,com.motorola.lifetimedata
9,0,i,uid,10247,com.qualcomm.qcrilmsgtunnel
9,0,i,uid,10247,com.qti.phone
9,0,i,uid,10248,com.android.systemui
9,0,i,uid,10249,com.motorola.setup
9,0,i,uid,10251,com.motorola.motocit
9,0,i,uid,10252,com.motorola.bach.modemstats
9,0,i,uid,10255,com.google.android.setupwizard
9,0,i,uid,10256,com.motorola.motocare
9,0,i,uid,10259,com.bluetooth.aptxmode
9,0,i,uid,10260,com.motorola.personalize
9,0,i,uid,10262,com.motorola.dciservice
9,0,i,uid,10263,com.qualcomm.qti.telephonyservice
9,0,i,uid,10265,com.qualcomm.atfwd
9,0,i,uid,10266,com.motorola.ccc.mainplm
9,0,i,uid,10268,com.google.android.providers.media.module
9,0,i,uid,10271,com.google.android.ext.services
9,0,i,uid,10272,com.google.android.permissioncontroller
9,0,i,uid,10274,com.google.android.cellbroadcastreceiver
9,0,i,uid,10277,com.lf.coupon
9,0,i,uid,10278,com.topjohnwu.magisk
9,0,i,uid,10279,com.emanuelef.remote_capture
9,0,l,bt,3,0,0,272768,272768,1690301052822,0,0,6000,6174000,6174000,0
9,0,l,gn,0,0,0,0,0,0,0,0,0,0
9,0,l,gwfl,0,0,0,0,0
9,0,l,m,0,0,0,0,0,0,0,0,8,0,0,0,0,0,0,0,0,0,0,0,0
9,0,l,br,0,0,0,0,0
9,0,l,sgt,0,0,0,0,0
9,0,l,sst,0
9,0,l,sgc,0,0,0,0,0
9,0,l,dct,0,0,0,0,0,0,0,0,0,0,0,0,0,0,0,0,0,0,0,0,0,0,0
9,0,l,dcc,0,0,0,0,0,0,0,0,0,0,0,0,0,0,0,0,0,0,0,0,0,0,0
9,0,l,wst,0,0,0,0,0,0,0,0
9,0,l,wsc,0,0,0,0,0,0,0,0
9,0,l,wsst,0,0,0,0,0,0,0,0,0,0,0,0,0
9,0,l,wssc,0,0,0,0,0,0,0,0,0,0,0,0,0
9,0,l,wsgt,0,0,0,0,0
9,0,l,wsgc,0,0,0,0,0
9,0,l,wmct,0,0
9,0,l,dc,0,0,0,0,0,0,0,0,0,0
9,0,l,kwl,"",0,0,-1,-1
9,0,l,kwl,"qrtr_0",0,0,-1,-1
9,0,l,kwl,"msm_g711mlaw",0,0,-1,-1
9,0,l,kwl,"usb",0,0,-1,-1
9,0,l,kwl,"inotify",0,0,-1,-1
9,0,l,kwl,"c440000.qcom,spmi:qcom,pm6150@0:qcom,pm6150_rtc",0,0,-1,-1
9,0,l,kwl,"bms",0,0,-1,-1
9,0,l,kwl,"main",0,0,-1,-1
9,0,l,kwl,"SensorsHAL_WAKEUP",0,0,-1,-1
9,0,l,kwl,"alarmtimer",0,0,-1,-1
9,0,l,kwl,"88e0000.qcom,msm-eud",0,0,-1,-1
9,0,l,kwl,"usbpd0",0,0,-1,-1
9,0,l,kwl,"qg",0,0,-1,-1
9,0,l,kwl,"CHG_PLCY_QG_WL",0,0,-1,-1
9,0,l,kwl,"CHG_PLCY_HVDCP2_WL",0,0,-1,-1
9,0,l,kwl,"IdleMaint",0,0,-1,-1
9,0,l,kwl,"bluetooth_timer",0,0,-1,-1
9,0,l,kwl,"c440000.qcom,spmi:qcom,pm6150@0:qcom,qpnp-smb5",0,0,-1,-1
9,0,l,kwl,"rx_swr_ctrl",0,0,-1,-1
9,0,l,kwl,"qcom-battery",0,0,-1,-1
9,0,l,kwl,"rmt_storage_502504135856",0,0,-1,-1
9,0,l,kwl,"msm_amrwb",0,0,-1,-1
9,0,l,kwl,"qcril",0,0,-1,-1
9,0,l,kwl,"msm_wmapro",0,0,-1,-1
9,0,l,kwl,"CHG_PLCY_SOH_WL",0,0,-1,-1
9,0,l,kwl,"msm_ape",0,0,-1,-1
9,0,l,kwl,"c440000.qcom,spmi:qcom,pm6150@0:qcom,power-on@800",0,0,-1,-1
9,0,l,kwl,"rpmb_access_wakelock",0,0,-1,-1
9,0,l,kwl,"SensorService_wakelock",0,0,-1,-1
9,0,l,kwl,"eventpoll",0,0,-1,-1
9,0,l,kwl,"radio-interface",0,0,-1,-1
9,0,l,kwl,"hal_bluetooth_lock",0,0,-1,-1
9,0,l,kwl,"otg_default",0,0,-1,-1
9,0,l,kwl,"CHG_PLCY_CTM_WL",0,0,-1,-1
9,0,l,kwl,"msm_amrnb",0,0,-1,-1
9,0,l,kwl,"msm_g711alaw",0,0,-1,-1
9,0,l,kwl,"CHG_PLCY_STD_PD_WL",0,0,-1,-1
9,0,l,kwl,"CHG_PLCY_MAIN_WL",0,0,-1,-1
9,0,l,kwl,"rmt_storage_502503095472",0,0,-1,-1
9,0,l,kwl,"c440000.qcom,spmi:qcom,pm6150l@4:qcom,power-on@800",0,0,-1,-1
9,0,l,kwl,"msm_amrwbplus",0,0,-1,-1
9,0,l,kwl,"rmt_storage_482642148528",0,0,-1,-1
9,0,l,kwl,"CHG_PLCY_HVDCP_WL",0,0,-1,-1
9,0,l,kwl,"tx_swr_ctrl",0,0,-1,-1
9,0,l,kwl,"ApmAudio",0,0,-1,-1
9,0,l,kwl,"msm_mp3",0,0,-1,-1
9,0,l,kwl,"msm_multi_aac",0,0,-1,-1
9,0,l,kwl,"netmgr_wl",0,0,-1,-1
9,0,l,kwl,"msm_qcelp",0,0,-1,-1
9,0,l,kwl,"rmt_storage_482643188912",0,0,-1,-1
9,0,l,kwl,"soc:fpc_fpc1020",0,0,-1,-1
9,0,l,kwl,"battery",0,0,-1,-1
9,0,l,kwl,"qcom-step-chg",0,0,-1,-1
9,0,l,kwl,"NETLINK",0,0,-1,-1
9,0,l,kwl,"PowerManager.SuspendLockout",0,0,-1,-1
9,0,l,kwl,"PowerManagerService.Display",0,0,-1,-1
9,0,l,kwl,"event1",0,0,-1,-1
9,0,l,kwl,"event0",0,0,-1,-1
9,0,l,kwl,"pc_port",0,0,-1,-1
9,0,l,kwl,"rmt_storage_529578859696",0,0,-1,-1
9,0,l,kwl,"ili_wakelock",0,0,-1,-1
9,0,l,kwl,"a600000.ssusb",0,0,-1,-1
9,0,l,kwl,"PowerManagerService.WakeLocks",0,0,-1,-1
9,0,l,kwl,"event9",0,0,-1,-1
9,0,l,kwl,"event8",0,0,-1,-1
9,0,l,kwl,"event7",0,0,-1,-1
9,0,l,kwl,"adsprpc-non_secure",0,0,-1,-1
9,0,l,kwl,"[timerfd]",0,0,-1,-1
9,0,l,kwl,"event6",0,0,-1,-1
9,0,l,kwl,"tftp_server_wakelock",0,0,-1,-1
9,0,l,kwl,"DIAG_WS",0,0,-1,-1
9,0,l,kwl,"adsprpc-secure",0,0,-1,-1
9,0,l,kwl,"event2",0,0,-1,-1
9,0,l,kwl,"msm_wma",0,0,-1,-1
9,0,l,kwl,"msm_evrc",0,0,-1,-1
9,0,l,kwl,"msm_alac",0,0,-1,-1
9,0,l,kwl,"18800000.qcom,icnss",0,0,-1,-1
9,0,l,kwl,"qcril_pre_client_init",0,0,-1,-1
9,0,l,kwl,"rmt_storage_529561042096",0,0,-1,-1
9,0,l,kwl,"CHG_PLCY_PPS_WL",0,0,-1,-1
9,0,l,kwl,"soc:gpio_keys",0,0,-1,-1
9,0,l,kwl,"msm_aac",0,0,-1,-1
9,0,l,kwl,"ApmOutput",0,0,-1,-1
9,0,l,gcf,300000,576000,768000,1017600,1248000,1324800,1497600,1612800,1708800,1804800,300000,652800,806400,979200,1094400,1209600,1324800,1555200,1708800,1843200,1939200,2169600,2208000,2304000
9,1000,l,awl,0,0
9,1000,l,wl,ActivityManager-Sleep,0,f,0,0,0,0,0,p,0,0,0,0,0,bp,0,0,0,0,0,w,0,0,0,0
9,1000,l,wl,WiredAccessoryManager,0,f,0,0,0,0,0,p,0,0,0,0,0,bp,0,0,0,0,0,w,0,0,0,0
9,1000,l,wl,*location*:GnssLocationProvider,0,f,0,0,0,0,0,p,0,0,0,0,0,bp,0,0,0,0,0,w,0,0,0,0
9,1000,l,wl,*alarm*,0,f,0,0,0,0,0,p,0,0,0,0,0,bp,0,0,0,0,0,w,0,0,0,0
9,1000,l,wl,time_detector,0,f,0,0,0,0,0,p,0,0,0,0,0,bp,0,0,0,0,0,w,0,0,0,0
9,1000,l,wl,*vibrator*,0,f,0,0,0,0,0,p,0,0,0,0,0,bp,0,0,0,0,0,w,0,0,0,0
9,1000,l,wl,*launch*,0,f,0,0,0,0,0,p,0,0,0,0,0,bp,0,0,0,0,0,w,0,0,0,0
9,1000,l,wl,NetworkStats,0,f,0,0,0,0,0,p,0,0,0,0,0,bp,0,0,0,0,0,w,0,0,0,0
9,1000,l,wl,Icing,0,f,0,0,0,0,0,p,0,0,0,0,0,bp,0,0,0,0,0,w,0,0,0,0
9,1000,l,wl,*telephony-radio*,0,f,0,0,0,0,0,p,0,0,0,0,0,bp,0,0,0,0,0,w,0,0,0,0
9,1000,l,wl,*job*/com.android.settings/com.motorola.settings.CarrierPropUpdateJobService,0,f,0,0,0,0,0,p,0,0,0,0,0,bp,0,0,0,0,0,w,0,0,0,0
9,1000,l,wl,*job*/com.android.providers.settings/.WriteFallbackSettingsFilesJobService,0,f,0,0,0,0,0,p,0,0,0,0,0,bp,0,0,0,0,0,w,0,0,0,0
9,1000,l,wl,NtpTimeHelper,0,f,0,0,0,0,0,p,0,0,0,0,0,bp,0,0,0,0,0,w,0,0,0,0
9,1000,l,wl,handleAudioDeviceEvent,0,f,0,0,0,0,0,p,0,0,0,0,0,bp,0,0,0,0,0,w,0,0,0,0
9,1000,l,wl,WindowManager,0,f,0,-1,-1,-1,0,p,0,0,0,0,0,bp,0,0,0,0,0,w,0,0,0,0
9,1000,l,wl,NetworkTimeUpdateService,0,f,0,0,0,0,0,p,0,0,0,0,0,bp,0,0,0,0,0,w,0,0,0,0
9,1000,l,wl,GnssVisibilityControl,0,f,0,0,0,0,0,p,0,0,0,0,0,bp,0,0,0,0,0,w,0,0,0,0
9,1000,l,wl,ShutdownThread-cpu,0,f,0,0,0,0,0,p,0,0,0,0,0,bp,0,0,0,0,0,w,0,0,0,0
9,1000,l,wl,SyncLoopWakeLock,0,f,0,0,0,0,0,p,0,0,0,0,0,bp,0,0,0,0,0,w,0,0,0,0
9,1000,l,wl,SCREEN_FROZEN,0,f,0,0,0,0,0,p,0,0,0,0,0,bp,0,0,0,0,0,w,0,0,0,0
9,1000,l,wl,*job*/com.motorola.android.providers.settings/.WriteFallbackMotorolaSettingsFilesJobService,0,f,0,0,0,0,0,p,0,0,0,0,0,bp,0,0,0,0,0,w,0,0,0,0
9,1000,l,apk,0,com.motorola.android.providers.settings,com.motorola.android.providers.settings.WriteFallbackMotorolaSettingsFilesJobService,0,0,2
9,1000,l,apk,0,com.android.server.telecom,com.android.server.telecom.components.TelecomService,0,0,2
9,1000,l,apk,0,android,android.hardware.location.GeofenceHardwareService,0,0,2
9,1001,l,awl,0,0
9,1001,l,wl,RILJ_ACK_WL,0,f,0,0,0,0,0,p,0,0,0,0,0,bp,0,0,0,0,0,w,0,0,0,0
9,1001,l,wl,CallerInfoCache,0,f,0,0,0,0,0,p,0,0,0,0,0,bp,0,0,0,0,0,w,0,0,0,0
9,1001,l,wl,CdmaInboundSmsHandler,0,f,0,0,0,0,0,p,0,0,0,0,0,bp,0,0,0,0,0,w,0,0,0,0
9,1001,l,wl,Icing,0,f,0,0,0,0,0,p,0,0,0,0,0,bp,0,0,0,0,0,w,0,0,0,0
9,1001,l,wl,*telephony-radio*,0,f,0,0,0,0,0,p,0,0,0,0,0,bp,0,0,0,0,0,w,0,0,0,0
9,1001,l,wl,GsmInboundSmsHandler,0,f,0,0,0,0,0,p,0,0,0,0,0,bp,0,0,0,0,0,w,0,0,0,0
9,1001,l,apk,0,com.android.phone,com.android.internal.telephony.CellularNetworkService,0,0,2
9,1001,l,apk,0,com.android.phone,com.android.phone.TelephonyDebugService,0,2,2
9,1001,l,apk,0,com.android.phone,com.android.services.telephony.sip.components.TelephonySipService,0,2,2
9,1001,l,apk,0,com.android.phone,com.android.internal.telephony.dataconnection.CellularDataService,0,0,2
9,1001,l,apk,0,com.android.service.ims,com.android.service.ims.DummyRcsService,0,2,2
9,1001,l,apk,0,com.qti.dpmserviceapp,com.qti.dpmserviceapp.DpmServiceApp,0,2,2
9,1001,l,apk,0,com.android.ons,com.android.ons.OpportunisticNetworkService,0,2,2
9,1001,l,apk,0,com.qti.qualcomm.datastatusnotification,com.qti.qualcomm.datastatusnotification.DataStatusNotificationService,0,1,1
9,1001,l,apk,0,com.qualcomm.qti.uceShimService,com.qualcomm.qti.uceShimService.RCSService,0,2,2
9,1002,l,awl,0,0
9,1002,l,wl,Icing,0,f,0,0,0,0,0,p,0,0,0,0,0,bp,0,0,0,0,0,w,0,0,0,0
9,1002,l,apk,0,com.android.bluetooth,com.android.bluetooth.pbap.BluetoothPbapService,0,2,2
9,1002,l,apk,0,com.android.bluetooth,com.android.bluetooth.avrcpcontroller.AvrcpControllerService,0,2,2
9,1002,l,apk,0,com.android.bluetooth,com.android.bluetooth.sap.SapService,0,2,2
9,1002,l,apk,0,com.android.bluetooth,com.android.bluetooth.gatt.GattService,0,2,2
9,1002,l,apk,0,com.android.bluetooth,com.android.bluetooth.btservice.AdapterService,0,0,2
9,1002,l,apk,0,com.android.bluetooth,com.android.bluetooth.pan.PanService,0,2,2
9,1002,l,apk,0,com.android.bluetooth,com.android.bluetooth.opp.BluetoothOppService,0,2,2
9,1002,l,apk,0,com.android.bluetooth,com.android.bluetooth.hid.HidHostService,0,2,2
9,1002,l,apk,0,com.android.bluetooth,com.android.bluetooth.map.BluetoothMapService,0,2,2
9,1002,l,apk,0,com.android.bluetooth,com.android.bluetooth.hfp.HeadsetService,0,2,2
9,1002,l,apk,0,com.android.bluetooth,com.android.bluetooth.hid.HidDeviceService,0,2,2
9,1002,l,apk,0,com.android.bluetooth,com.android.bluetooth.a2dp.A2dpService,0,2,2
9,1007,l,apk,0,com.motorola.android.nativedropboxagent,com.motorola.android.nativedropboxagent.NativeDropBoxAgent,0,1,1
9,1041,l,awl,0,0
9,1041,l,wl,AudioOffload,0,f,0,0,0,0,0,p,0,0,0,0,0,bp,0,0,0,0,0,w,0,0,0,0
9,1041,l,wl,AudioMix,0,f,0,0,0,0,0,p,0,0,0,0,0,bp,0,0,0,0,0,w,0,0,0,0
9,1068,l,apk,0,com.android.se,com.android.se.SecureElementService,0,2,2
9,1073,l,awl,0,0
9,1073,l,wl,GsmCellBroadcastHandler,0,f,0,0,0,0,0,p,0,0,0,0,0,bp,0,0,0,0,0,w,0,0,0,0
9,1073,l,wl,CdmaServiceCategoryProgramHandler,0,f,0,0,0,0,0,p,0,0,0,0,0,bp,0,0,0,0,0,w,0,0,0,0
9,1073,l,wl,CellBroadcastHandler,0,f,0,0,0,0,0,p,0,0,0,0,0,bp,0,0,0,0,0,w,0,0,0,0
9,1073,l,apk,0,com.google.android.networkstack,com.android.server.NetworkStackService,0,0,2
9,1073,l,apk,0,com.google.android.cellbroadcastservice,com.android.cellbroadcastservice.DefaultCellBroadcastService,0,0,2
9,1073,l,apk,0,com.google.android.networkstack.tethering,com.android.networkstack.tethering.TetheringService,0,0,2
9,10085,l,awl,0,0
9,10085,l,wl,*launch*,0,f,0,0,0,0,0,p,0,0,0,0,0,bp,0,0,0,0,0,w,0,0,0,0
9,10086,l,awl,0,0
9,10086,l,wl,*alarm*,0,f,0,0,0,0,0,p,0,0,0,0,0,bp,0,0,0,0,0,w,0,0,0,0
9,10086,l,wl,CalendarReceiver_Provider,0,f,0,0,0,0,0,p,0,0,0,0,0,bp,0,0,0,0,0,w,0,0,0,0
9,10086,l,wl,*job*/com.android.providers.calendar/.CalendarProviderJobService,0,f,0,0,0,0,0,p,0,0,0,0,0,bp,0,0,0,0,0,w,0,0,0,0
9,10089,l,awl,0,0
9,10089,l,wl,*job*/com.android.statementservice/androidx.work.impl.background.systemjob.SystemJobService,0,f,0,0,0,0,0,p,0,0,0,0,0,bp,0,0,0,0,0,w,0,0,0,0
9,10090,l,apk,0,com.motorola.systemserver,com.motorola.systemserver.MotoSystemServer,0,0,2
9,10091,l,apk,0,com.android.soundpicker,com.android.soundpicker.PreloadedRingtonesUpdateService,0,1,1
9,10097,l,awl,0,0
9,10097,l,wl,Icing,0,f,0,0,0,0,0,p,0,0,0,0,0,bp,0,0,0,0,0,w,0,0,0,0
9,10101,l,awl,0,0
9,10101,l,wl,Icing,0,f,0,0,0,0,0,p,0,0,0,0,0,bp,0,0,0,0,0,w,0,0,0,0
9,10122,l,apk,0,com.qualcomm.qti.cne,com.qualcomm.qti.cne.CneApp,0,2,2
9,10122,l,apk,0,vendor.qti.hardware.cacert.server,vendor.qti.hardware.cacert.server.CACertService,0,2,2
9,10123,l,awl,0,0
9,10123,l,wl,TimeService,0,f,0,0,0,0,0,p,0,0,0,0,0,bp,0,0,0,0,0,w,0,0,0,0
9,10124,l,apk,0,com.google.android.ims,com.google.android.ims.services.RcsService,0,2,2
9,10125,l,awl,0,0
9,10125,l,wl,Icing,0,f,0,0,0,0,0,p,0,0,0,0,0,bp,0,0,0,0,0,w,0,0,0,0
9,10126,l,awl,0,0
9,10126,l,wl,*job*/com.motorola.carriersettingsext/.wfc.WfcJobIntentService,0,f,0,0,0,0,0,p,0,0,0,0,0,bp,0,0,0,0,0,w,0,0,0,0
9,10126,l,wl,Icing,0,f,0,0,0,0,0,p,0,0,0,0,0,bp,0,0,0,0,0,w,0,0,0,0
9,10126,l,apk,0,com.motorola.carriersettingsext,com.motorola.carriersettingsext.wfc.WFCEmergencyCallNotificationService,0,1,1
9,10126,l,apk,0,com.motorola.carriersettingsext,com.motorola.carriersettingsext.simregister.service.ServiceStateCheckerService,0,1,1
9,10126,l,apk,0,com.motorola.carriersettingsext,com.motorola.carriersettingsext.dataroaming.DataRoamingPhoneStateService,0,1,1
9,10127,l,awl,0,0
9,10127,l,wl,*dexopt*,0,f,0,0,0,0,0,p,0,0,0,0,0,bp,0,0,0,0,0,w,0,0,0,0
9,10127,l,wl,Icing,0,f,0,0,0,0,0,p,0,0,0,0,0,bp,0,0,0,0,0,w,0,0,0,0
9,10128,l,awl,0,0
9,10128,l,wl,Icing,0,f,0,0,0,0,0,p,0,0,0,0,0,bp,0,0,0,0,0,w,0,0,0,0
9,10128,l,wl,*job*/com.google.android.apps.wellbeing/androidx.work.impl.background.systemjob.SystemJobService,0,f,0,0,0,0,0,p,0,0,0,0,0,bp,0,0,0,0,0,w,0,0,0,0
9,10128,l,wl,StartupAfterPackageReplacedUnlock -> StartupAfterPackageReplaced,0,f,0,0,0,0,0,p,0,0,0,0,0,bp,0,0,0,0,0,w,0,0,0,0
9,10128,l,wl,*job*/com.google.android.apps.wellbeing/.powerstate.impl.PowerStateJobService,0,f,0,0,0,0,0,p,0,0,0,0,0,bp,0,0,0,0,0,w,0,0,0,0
9,10128,l,wl,*job*/com.google.android.apps.wellbeing/.autodnd.impl.AutoDndJobService,0,f,0,0,0,0,0,p,0,0,0,0,0,bp,0,0,0,0,0,w,0,0,0,0
9,10129,l,awl,0,0
9,10129,l,wl,*gms_scheduler*/com.google.android.gms/.icing.proxy.IcingInternalCorporaUpdateService,0,f,0,0,0,0,0,p,0,0,0,0,0,bp,0,0,0,0,0,w,0,0,0,0
9,10129,l,wl,IntentOp:com.google.android.gms/.chimera.PersistentIntentOperationService,0,f,0,0,0,0,0,p,0,0,0,0,0,bp,0,0,0,0,0,w,0,0,0,0
9,10129,l,wl,*gms_scheduler*/com.google.android.gms/.gcm.HeartbeatAlarm$ConnectionInfoPersistService,0,f,0,0,0,0,0,p,0,0,0,0,0,bp,0,0,0,0,0,w,0,0,0,0
9,10129,l,wl,IntentOp:.auth.frp.FrpUpdateIntentOperation,0,f,0,0,0,0,0,p,0,0,0,0,0,bp,0,0,0,0,0,w,0,0,0,0
9,10129,l,wl,IntentOp:.mdm.receivers.GmsRegisteredChimeraReceiver,0,f,0,0,0,0,0,p,0,0,0,0,0,bp,0,0,0,0,0,w,0,0,0,0
9,10129,l,wl,GOOGLE_C2DM,0,f,0,0,0,0,0,p,0,0,0,0,0,bp,0,0,0,0,0,w,0,0,0,0
9,10129,l,wl,GCoreFlp,0,f,0,0,0,0,0,p,0,0,0,0,0,bp,0,0,0,0,0,w,0,0,0,0
9,10129,l,wl,IntentOp:com.google.android.gms/.chimera.GmsIntentOperationService,0,f,0,0,0,0,0,p,0,0,0,0,0,bp,0,0,0,0,0,w,0,0,0,0
9,10129,l,wl,NlpWakeLock,0,f,0,0,0,0,0,p,0,0,0,0,0,bp,0,0,0,0,0,w,0,0,0,0
9,10129,l,wl,*gms_scheduler*/com.google.android.gms/.stats.PlatformStatsCollectorService,0,f,0,0,0,0,0,p,0,0,0,0,0,bp,0,0,0,0,0,w,0,0,0,0
9,10129,l,wl,*gms_scheduler*:internal,0,f,0,0,0,0,0,p,0,0,0,0,0,bp,0,0,0,0,0,w,0,0,0,0
9,10129,l,wl,*alarm*,0,f,0,0,0,0,0,p,0,0,0,0,0,bp,0,0,0,0,0,w,0,0,0,0
9,10129,l,wl,*gms_scheduler*/com.google.android.gms/.icing.mdh.service.MobileDataHubGcmTaskService,0,f,0,0,0,0,0,p,0,0,0,0,0,bp,0,0,0,0,0,w,0,0,0,0
9,10129,l,wl,Checkin Service,0,f,0,0,0,0,0,p,0,0,0,0,0,bp,0,0,0,0,0,w,0,0,0,0
9,10129,l,wl,IntentOp:.update.execution.InstallationIntentOperation,0,f,0,0,0,0,0,p,0,0,0,0,0,bp,0,0,0,0,0,w,0,0,0,0
9,10129,l,wl,Wakeful StateMachine: GeofencerStateMachine,0,f,0,0,0,0,0,p,0,0,0,0,0,bp,0,0,0,0,0,w,0,0,0,0
9,10129,l,wl,wake:com.google.android.gms/.auth.account.be.accountstate.LoginAccountsChangedIntentService,0,f,0,0,0,0,0,p,0,0,0,0,0,bp,0,0,0,0,0,w,0,0,0,0
9,10129,l,wl,*gms_scheduler*/com.google.android.gms/.checkin.CheckinService,0,f,0,0,0,0,0,p,0,0,0,0,0,bp,0,0,0,0,0,w,0,0,0,0
9,10129,l,wl,IntentOp:.reminders.notification.ScheduleTimeRemindersIntentOperation,0,f,0,0,0,0,0,p,0,0,0,0,0,bp,0,0,0,0,0,w,0,0,0,0
9,10129,l,wl,IntentOp:.common.broadcast.BackgroundBroadcastReceiverSupport$PersistentReceiverIntentOperation,0,f,0,0,0,0,0,p,0,0,0,0,0,bp,0,0,0,0,0,w,0,0,0,0
9,10129,l,wl,GCM_READ,0,f,0,0,0,0,0,p,0,0,0,0,0,bp,0,0,0,0,0,w,0,0,0,0
9,10129,l,wl,*gms_scheduler*/com.google.android.gms/.fonts.service.SystemFontsUpdateSchedulerChimeraService,0,f,0,0,0,0,0,p,0,0,0,0,0,bp,0,0,0,0,0,w,0,0,0,0
9,10129,l,wl,messaging_service_work_wakelock,0,f,0,0,0,0,0,p,0,0,0,0,0,bp,0,0,0,0,0,w,0,0,0,0
9,10129,l,wl,*gms_scheduler*/com.google.android.gms/.gass.chimera.SchedulePeriodicTasksService,0,f,0,0,0,0,0,p,0,0,0,0,0,bp,0,0,0,0,0,w,0,0,0,0
9,10129,l,wl,*gms_scheduler*/com.google.android.gms/.chimera.container.ConfigService,0,f,0,0,0,0,0,p,0,0,0,0,0,bp,0,0,0,0,0,w,0,0,0,0
9,10129,l,wl,*gms_scheduler*/com.google.android.gms/.phenotype.service.sync.PhenotypeConfigurator,0,f,0,0,0,0,0,p,0,0,0,0,0,bp,0,0,0,0,0,w,0,0,0,0
9,10129,l,wl,*gms_scheduler*/com.google.android.gms/.fonts.update.UpdateSchedulerService,0,f,0,0,0,0,0,p,0,0,0,0,0,bp,0,0,0,0,0,w,0,0,0,0
9,10129,l,wl,IntentOp:.chimera.container.InitConfigOperation,0,f,0,0,0,0,0,p,0,0,0,0,0,bp,0,0,0,0,0,w,0,0,0,0
9,10129,l,wl,IntentOp:.chimera.container.zapp.WaitDownloadCompleteOperation,0,f,0,0,0,0,0,p,0,0,0,0,0,bp,0,0,0,0,0,w,0,0,0,0
9,10129,l,wl,*gms_scheduler*/com.google.android.gms/.languageprofile.GcmTaskService,0,f,0,0,0,0,0,p,0,0,0,0,0,bp,0,0,0,0,0,w,0,0,0,0
9,10129,l,wl,*gms_scheduler*/com.google.android.gms/.telephonyspam.sync.SpamListSyncTaskService,0,f,0,0,0,0,0,p,0,0,0,0,0,bp,0,0,0,0,0,w,0,0,0,0
9,10129,l,wl,Icing,0,f,0,0,0,0,0,p,0,0,0,0,0,bp,0,0,0,0,0,w,0,0,0,0
9,10129,l,wl,*gms_scheduler*/com.google.android.gms/.instantapps.routing.DomainFilterUpdateService,0,f,0,0,0,0,0,p,0,0,0,0,0,bp,0,0,0,0,0,w,0,0,0,0
9,10129,l,wl,IntentOp:.stats.controlledevents.ControlledEventsPhenotypeUpdateOperation,0,f,0,0,0,0,0,p,0,0,0,0,0,bp,0,0,0,0,0,w,0,0,0,0
9,10129,l,wl,messaging_service_start_wakelock,0,f,0,0,0,0,0,p,0,0,0,0,0,bp,0,0,0,0,0,w,0,0,0,0
9,10129,l,wl,IntentOp:.nearby.messages.GcmRegistrationChimeraReceiver,0,f,0,0,0,0,0,p,0,0,0,0,0,bp,0,0,0,0,0,w,0,0,0,0
9,10129,l,wl,*gms_scheduler*/com.google.android.gms/.gcm.gmsproc.GcmInGmsTaskService,0,f,0,0,0,0,0,p,0,0,0,0,0,bp,0,0,0,0,0,w,0,0,0,0
9,10129,l,wl,wake:CollectionChimeraSvc,0,f,0,0,0,0,0,p,0,0,0,0,0,bp,0,0,0,0,0,w,0,0,0,0
9,10129,l,wl,*job*/DownloadManager:com.android.providers.downloads,0,f,0,0,0,0,0,p,0,0,0,0,0,bp,0,0,0,0,0,w,0,0,0,0
9,10129,l,wl,*gms_scheduler*/com.google.android.gms/.auth.account.be.legacy.AuthCronService,0,f,0,0,0,0,0,p,0,0,0,0,0,bp,0,0,0,0,0,w,0,0,0,0
9,10129,l,wl,IntentOp:.common.appdoctor.AppDoctorConfigChangedIntentOperation,0,f,0,0,0,0,0,p,0,0,0,0,0,bp,0,0,0,0,0,w,0,0,0,0
9,10129,l,wl,IntentOp:.common.broadcast.BackgroundBroadcastReceiverSupport$GmsReceiverIntentOperation,0,f,0,0,0,0,0,p,0,0,0,0,0,bp,0,0,0,0,0,w,0,0,0,0
9,10129,l,wl,nearby:ENWearableDeviceManager,0,f,0,0,0,0,0,p,0,0,0,0,0,bp,0,0,0,0,0,w,0,0,0,0
9,10129,l,wl,*gms_scheduler*/com.google.android.gms/.checkin.EventLogService,0,f,0,0,0,0,0,p,0,0,0,0,0,bp,0,0,0,0,0,w,0,0,0,0
9,10129,l,wl,*gms_scheduler*/com.google.android.gms/.matchstick.task.ScheduledTaskService,0,f,0,0,0,0,0,p,0,0,0,0,0,bp,0,0,0,0,0,w,0,0,0,0
9,10129,l,wl,GmsDownloadIntentOp,0,f,0,0,0,0,0,p,0,0,0,0,0,bp,0,0,0,0,0,w,0,0,0,0
9,10129,l,wl,GCM_CONN_ALARM,0,f,0,0,0,0,0,p,0,0,0,0,0,bp,0,0,0,0,0,w,0,0,0,0
9,10129,l,wl,*gms_scheduler*/com.google.android.gms/.udc.service.UdcContextInitService,0,f,0,0,0,0,0,p,0,0,0,0,0,bp,0,0,0,0,0,w,0,0,0,0
9,10129,l,wl,IntentOp:.reminders.notification.RefreshNotificationsIntentOperation,0,f,0,0,0,0,0,p,0,0,0,0,0,bp,0,0,0,0,0,w,0,0,0,0
9,10129,l,wl,wake:com.google.android.gms/.chimera.GmsIntentOperationService,0,f,0,0,0,0,0,p,0,0,0,0,0,bp,0,0,0,0,0,w,0,0,0,0
9,10129,l,wl,*gms_scheduler*/com.google.android.gms/.clearcut.uploader.QosUploaderService,0,f,0,0,0,0,0,p,0,0,0,0,0,bp,0,0,0,0,0,w,0,0,0,0
9,10129,l,wl,*gms_scheduler*/com.google.android.gms/.measurement.PackageMeasurementTaskService,0,f,0,0,0,0,0,p,0,0,0,0,0,bp,0,0,0,0,0,w,0,0,0,0
9,10129,l,wl,CMWakeLock,0,f,0,0,0,0,0,p,0,0,0,0,0,bp,0,0,0,0,0,w,0,0,0,0
9,10129,l,wl,*gms_scheduler*/com.google.android.gms/.ads.social.GcmSchedulerWakeupService,0,f,0,0,0,0,0,p,0,0,0,0,0,bp,0,0,0,0,0,w,0,0,0,0
9,10129,l,wl,UlrDispSvcFastWL,0,f,0,0,0,0,0,p,0,0,0,0,0,bp,0,0,0,0,0,w,0,0,0,0
9,10129,l,apk,0,com.google.android.gms,com.google.android.gms.nearby.exposurenotification.service.ExposureNotificationInternalService,0,1,1
9,10129,l,apk,0,com.google.android.gms,com.google.android.gms.checkin.CheckinApiService,0,0,1
9,10129,l,apk,0,com.google.android.gms,com.google.android.gms.icing.service.IndexService,0,0,2
9,10129,l,apk,0,com.google.android.gms,com.google.android.location.internal.server.HardwareArProviderService,0,0,2
9,10129,l,apk,0,com.google.android.gms,com.google.android.gms.nearby.exposurenotification.WakeUpService,0,0,1
9,10129,l,apk,0,com.google.android.gms,com.google.android.gms.common.stats.GmsCoreStatsService,0,2,2
9,10129,l,apk,0,com.google.android.gms,com.google.android.gms.lockbox.service.LockboxBrokerService,0,0,2
9,10129,l,apk,0,com.google.android.gms,com.google.android.location.internal.GoogleLocationManagerService,0,2,2
9,10129,l,apk,0,com.google.android.gms,com.google.android.location.network.NetworkLocationService,0,0,2
9,10129,l,apk,0,com.google.android.gms,com.google.android.contextmanager.service.ContextManagerService,0,2,2
9,10129,l,apk,0,com.google.android.gms,com.google.android.location.internal.server.GoogleLocationService,0,2,2
9,10129,l,apk,0,com.google.android.gms,com.google.android.gms.nearby.messages.service.NearbyMessagesService,0,2,2
9,10129,l,apk,0,com.google.android.gms,com.google.android.location.reporting.service.ReportingAndroidService,0,0,2
9,10129,l,apk,0,com.google.android.gms,com.google.android.location.internal.PendingIntentCallbackService,0,2,1
9,10129,l,apk,0,com.google.android.gms,com.google.android.gms.nearby.discovery.service.DiscoveryService,0,2,2
9,10129,l,apk,0,com.google.android.gms,com.google.android.gms.location.persistent.LocationPersistentService,0,2,2
9,10129,l,apk,0,com.google.android.gms,com.google.android.gms.geotimezone.GeoTimeZoneService,0,0,2
9,10129,l,apk,0,com.google.android.gms,com.google.android.gms.icing.service.IndexWorkerService,0,1,1
9,10129,l,apk,0,com.google.android.gms,com.google.android.gms.chimera.PersistentIntentOperationService,0,2,2
9,10129,l,apk,0,com.google.android.gms,com.google.android.gms.chimera.PersistentDirectBootAwareApiService,0,0,2
9,10129,l,apk,0,com.google.android.gms,com.google.android.gms.chimera.GmsIntentOperationService,0,2,2
9,10129,l,apk,0,com.google.android.gms,com.google.android.gms.presencemanager.service.PresenceManagerPresenceReportService,0,1,1
9,10129,l,apk,0,com.google.android.gms,com.google.android.gms.nearby.exposurenotification.service.ExposureMatchingService,0,2,2
9,10129,l,apk,0,com.google.android.gms,com.google.android.gms.thunderbird.EmergencyPersistentService,0,2,2
9,10129,l,apk,0,com.google.android.gms,com.google.android.gms.gcm.http.GoogleHttpService,0,0,1
9,10129,l,apk,0,com.google.android.gms,com.google.android.gms.gcm.nts.SchedulerService,0,2,2
9,10129,l,apk,0,com.google.android.gms,com.google.android.location.fused.FusedLocationService,0,0,2
9,10129,l,apk,0,com.google.android.gms,com.google.android.gms.fido.fido2.pollux.CableAuthenticatorService,0,1,1
9,10129,l,apk,0,com.google.android.gms,com.google.android.gms.tron.CollectionService,0,1,1
9,10129,l,apk,0,com.google.android.gms,com.google.android.gms.chimera.GmsApiService,0,0,1
9,10129,l,apk,0,com.google.android.gms,com.google.android.gms.chimera.GmsBoundBrokerService,0,0,2
9,10129,l,apk,0,com.google.android.gms,com.google.android.gms.statementservice.OperationService,0,1,1
9,10129,l,apk,0,com.google.android.gms,com.google.android.gms.chimera.PersistentBoundBrokerService,0,0,2
9,10129,l,apk,0,com.google.android.gms,com.google.location.nearby.direct.service.NearbyDirectService,0,2,2
9,10129,l,apk,0,com.google.android.gms,com.google.android.gms.analytics.service.AnalyticsService,0,0,2
9,10129,l,apk,0,com.google.android.gms,com.google.android.gms.chimera.PersistentApiService,0,0,2
9,10129,l,apk,0,com.google.android.gms,com.google.android.gms.clearcut.debug.ClearcutDebugDumpService,0,1,1
9,10129,l,apk,0,com.google.android.gms,com.google.android.gms.auth.proximity.firstparty.SystemMemoryCacheService,0,1,1
9,10129,l,apk,0,com.google.android.gms,com.google.android.gms.gcm.GcmService,0,2,2
9,10129,l,apk,0,com.google.android.gms,com.google.android.gms.auth.setup.devicesignals.LockScreenService,0,2,2
9,10129,l,apk,0,com.google.android.gms,com.google.android.location.geocode.GeocodeService,0,0,2
9,10129,l,apk,0,com.google.android.gms,com.google.android.gms.droidguard.DroidGuardService,0,0,1
9,10129,l,apk,0,com.google.android.gms,com.google.android.gms.measurement.service.MeasurementBrokerService,0,0,1
9,10129,l,apk,0,com.google.android.gms,com.google.android.gms.deviceconnection.service.DeviceConnectionWatcherService,0,2,2
9,10129,l,apk,0,com.google.android.gms,com.google.android.gms.icing.service.AppIndexingService,0,0,2
9,10129,l,apk,0,com.google.android.gms,com.google.android.gms.chimera.GmsInternalApiService,0,0,1
9,10129,l,apk,0,com.google.android.gms,com.google.android.gms.nearby.sharing.ReceiveSurfaceService,0,2,2
9,10130,l,awl,0,0
9,10130,l,wl,*job*/com.google.android.apps.carrier.carrierwifi/.UpdateService,0,f,0,0,0,0,0,p,0,0,0,0,0,bp,0,0,0,0,0,w,0,0,0,0
9,10131,l,awl,0,0
9,10131,l,wl,Icing,0,f,0,0,0,0,0,p,0,0,0,0,0,bp,0,0,0,0,0,w,0,0,0,0
9,10133,l,awl,0,0
9,10133,l,wl,fiid-sync,0,f,0,0,0,0,0,p,0,0,0,0,0,bp,0,0,0,0,0,w,0,0,0,0
9,10133,l,wl,*job*/com.google.android.wfcactivation/.fcm.FcmRegistrationService,0,f,0,0,0,0,0,p,0,0,0,0,0,bp,0,0,0,0,0,w,0,0,0,0
9,10135,l,awl,0,0
9,10135,l,wl,*job*/com.motorola.contacts.preloadcontacts/.syncadapter.LoadContactsJobService,0,f,0,0,0,0,0,p,0,0,0,0,0,bp,0,0,0,0,0,w,0,0,0,0
9,10136,l,awl,0,0
9,10136,l,wl,*job*/com.google.android.apps.turbo/com.google.android.libraries.smartbattery.appusage.library.InferAppBucketsJob,0,f,0,0,0,0,0,p,0,0,0,0,0,bp,0,0,0,0,0,w,0,0,0,0
9,10136,l,wl,*job*/com.google.android.apps.turbo/com.google.android.libraries.smartbattery.appusage.library.AppStandbyEnabledChangedJob,0,f,0,0,0,0,0,p,0,0,0,0,0,bp,0,0,0,0,0,w,0,0,0,0
9,10136,l,wl,*job*/com.google.android.apps.turbo/com.google.android.libraries.smartbattery.common.phenotype.UpdatePhenotypeFlagsJob,0,f,0,0,0,0,0,p,0,0,0,0,0,bp,0,0,0,0,0,w,0,0,0,0
9,10137,l,awl,0,0
9,10137,l,wl,*job*/com.motorola.dynamicvolume/.service.CheckInJobService,0,f,0,0,0,0,0,p,0,0,0,0,0,bp,0,0,0,0,0,w,0,0,0,0
9,10137,l,wl,*job*/com.motorola.dynamicvolume/.service.ExpiredCleanupJobService,0,f,0,0,0,0,0,p,0,0,0,0,0,bp,0,0,0,0,0,w,0,0,0,0
9,10137,l,apk,0,com.motorola.dynamicvolume,com.motorola.dynamicvolume.service.DynamicVolumeService,0,0,2
9,10137,l,apk,0,com.motorola.dynamicvolume,com.motorola.dynamicvolume.service.multivolume.MultiVolumeService,0,0,2
9,10138,l,awl,0,0
9,10138,l,wl,fiid-sync,0,f,0,0,0,0,0,p,0,0,0,0,0,bp,0,0,0,0,0,w,0,0,0,0
9,10138,l,wl,*job*/com.motorola.attvowifi/com.motorola.imsprovisioning.jobs.CoreJobIntentService,0,f,0,0,0,0,0,p,0,0,0,0,0,bp,0,0,0,0,0,w,0,0,0,0
9,10140,l,awl,0,0
9,10140,l,wl,Icing,0,f,0,0,0,0,0,p,0,0,0,0,0,bp,0,0,0,0,0,w,0,0,0,0
9,10140,l,apk,0,com.motorola.faceunlock,com.motorola.faceunlock.service.FaceAuthService,0,0,2
9,10142,l,awl,0,0
9,10142,l,wl,*alarm*,0,f,0,0,0,0,0,p,0,0,0,0,0,bp,0,0,0,0,0,w,0,0,0,0
9,10142,l,wl,Icing,0,f,0,0,0,0,0,p,0,0,0,0,0,bp,0,0,0,0,0,w,0,0,0,0
9,10142,l,apk,0,com.motorola.actions,com.motorola.actions.smartbattery.SmartBatteryService,0,2,2
9,10142,l,apk,0,com.motorola.actions,com.motorola.actions.foc.gesture.service.FlashOnChopService,0,2,2
9,10142,l,apk,0,com.motorola.actions,com.motorola.actions.quickscreenshot.service.QuickScreenshotService,0,2,2
9,10142,l,apk,0,com.motorola.actions,com.motorola.actions.qc.QuickCaptureService,0,2,2
9,10142,l,apk,0,com.motorola.actions,com.motorola.actions.motoservice.MotoService,0,0,2
9,10142,l,apk,0,com.motorola.actions,com.motorola.actions.UserSwitchService,0,2,2
9,10144,l,awl,0,0
9,10144,l,wl,*job*/DownloadManager:com.android.providers.downloads,0,f,0,0,0,0,0,p,0,0,0,0,0,bp,0,0,0,0,0,w,0,0,0,0
9,10144,l,wl,*job*/com.google.android.configupdater/.MainJobService,0,f,0,0,0,0,0,p,0,0,0,0,0,bp,0,0,0,0,0,w,0,0,0,0
9,10145,l,apk,0,com.google.android.as.oss,com.google.android.apps.miphone.astrea.grpc.AstreaGrpcService,0,0,1
9,10146,l,awl,0,0
9,10146,l,wl,*job*/com.google.android.partnersetup/.PhenotypeJobService,0,f,0,0,0,0,0,p,0,0,0,0,0,bp,0,0,0,0,0,w,0,0,0,0
9,10149,l,awl,0,0
9,10149,l,wl,fiid-sync,0,f,0,0,0,0,0,p,0,0,0,0,0,bp,0,0,0,0,0,w,0,0,0,0
9,10150,l,awl,0,0
9,10150,l,wl,Application creation -> Application.onCreate -> Startup Listeners -> AfterPackageReplaced -> StartupAfterPackageReplaced,0,f,0,0,0,0,0,p,0,0,0,0,0,bp,0,0,0,0,0,w,0,0,0,0
9,10150,l,wl,*job*/com.google.android.googlequicksearchbox/androidx.work.impl.background.systemjob.SystemJobService,0,f,0,0,0,0,0,p,0,0,0,0,0,bp,0,0,0,0,0,w,0,0,0,0
9,10150,l,wl,*job*/com.google.android.googlequicksearchbox/com.google.android.libraries.notifications.entrypoints.scheduled.ScheduledTaskService,0,f,0,0,0,0,0,p,0,0,0,0,0,bp,0,0,0,0,0,w,0,0,0,0
9,10150,l,wl,*alarm*,0,f,0,0,0,0,0,p,0,0,0,0,0,bp,0,0,0,0,0,w,0,0,0,0
9,10150,l,wl,*job*/com.google.android.googlequicksearchbox/com.google.android.apps.gsa.tasks.BackgroundTasksJobService,0,f,0,0,0,0,0,p,0,0,0,0,0,bp,0,0,0,0,0,w,0,0,0,0
9,10150,l,wl,Icing,0,f,0,0,0,0,0,p,0,0,0,0,0,bp,0,0,0,0,0,w,0,0,0,0
9,10150,l,wl,,0,f,0,0,0,0,0,p,0,0,0,0,0,bp,0,0,0,0,0,w,0,0,0,0
9,10150,l,wl,Chime Library Trace,0,f,0,0,0,0,0,p,0,0,0,0,0,bp,0,0,0,0,0,w,0,0,0,0
9,10150,l,apk,0,com.google.android.googlequicksearchbox,com.google.android.apps.gsa.nga.engine.viss.NgaService,0,0,2
9,10150,l,apk,0,com.google.android.googlequicksearchbox,com.google.android.apps.gsa.nowoverlayservice.DrawerOverlayService,0,0,2
9,10150,l,apk,0,com.google.android.googlequicksearchbox,com.google.android.apps.gsa.staticplugins.bisto.BistoRealService,0,2,2
9,10150,l,apk,0,com.google.android.googlequicksearchbox,com.google.android.apps.gsa.nga.engine.viss.NgaVoiceInteractionSessionService,0,0,1
9,10150,l,apk,0,com.google.android.googlequicksearchbox,com.google.android.apps.gsa.tasks.BackgroundTasksJobService,0,0,1
9,10150,l,apk,0,com.google.android.googlequicksearchbox,com.google.android.apps.gsa.assist.GsaVoiceInteractionSessionService,0,0,1
9,10150,l,apk,0,com.google.android.googlequicksearchbox,com.google.android.voiceinteraction.GsaVoiceInteractionService,0,0,2
9,10152,l,awl,0,0
9,10152,l,wl,*job*/com.motorola.gamemode/.instrumentation.InstrumentationJobService,0,f,0,0,0,0,0,p,0,0,0,0,0,bp,0,0,0,0,0,w,0,0,0,0
9,10152,l,wl,Icing,0,f,0,0,0,0,0,p,0,0,0,0,0,bp,0,0,0,0,0,w,0,0,0,0
9,10152,l,wl,*job*/com.motorola.gamemode/androidx.work.impl.background.systemjob.SystemJobService,0,f,0,0,0,0,0,p,0,0,0,0,0,bp,0,0,0,0,0,w,0,0,0,0
9,10152,l,apk,0,com.motorola.gamemode,com.motorola.gamemode.GMPersistentService,0,0,1
9,10153,l,awl,0,0
9,10153,l,wl,Icing,0,f,0,0,0,0,0,p,0,0,0,0,0,bp,0,0,0,0,0,w,0,0,0,0
9,10155,l,awl,0,0
9,10155,l,wl,*job*/com.motorola.motodisplay/.analytics.AnalyticsIntentService,0,f,0,0,0,0,0,p,0,0,0,0,0,bp,0,0,0,0,0,w,0,0,0,0
9,10155,l,wl,*alarm*,0,f,0,0,0,0,0,p,0,0,0,0,0,bp,0,0,0,0,0,w,0,0,0,0
9,10155,l,wl,AnalyticsIntentService,0,f,0,0,0,0,0,p,0,0,0,0,0,bp,0,0,0,0,0,w,0,0,0,0
9,10155,l,apk,0,com.motorola.motodisplay,com.motorola.motodisplay.notification.DisplayNotifListenerService,0,0,2
9,10158,l,awl,0,0
9,10158,l,wl,*job*/com.google.android.as/com.google.android.apps.miphone.aiai.echo.scheduler.EchoJobService,0,f,0,0,0,0,0,p,0,0,0,0,0,bp,0,0,0,0,0,w,0,0,0,0
9,10158,l,wl,Icing,0,f,0,0,0,0,0,p,0,0,0,0,0,bp,0,0,0,0,0,w,0,0,0,0
9,10158,l,wl,*job*/com.google.android.as/com.google.android.apps.miphone.aiai.common.superpacks.impl.PeriodicCleanupService,0,f,0,0,0,0,0,p,0,0,0,0,0,bp,0,0,0,0,0,w,0,0,0,0
9,10158,l,wl,*job*/com.google.android.as/com.google.android.apps.miphone.aiai.common.superpacks.impl.AiAiPersistentDownloadJobService,0,f,0,0,0,0,0,p,0,0,0,0,0,bp,0,0,0,0,0,w,0,0,0,0
9,10158,l,apk,0,com.google.android.as,com.google.android.apps.miphone.aiai.app.AiAiPredictionService,0,0,2
9,10158,l,apk,0,com.google.android.as,com.google.android.apps.miphone.aiai.common.superpacks.impl.AiAiSuperpacksService,0,0,2
9,10158,l,apk,0,com.google.android.as,com.google.android.apps.miphone.aiai.captions.SystemCaptionsManagerService,0,0,2
9,10161,l,awl,0,0
9,10161,l,wl,*alarm*,0,f,0,0,0,0,0,p,0,0,0,0,0,bp,0,0,0,0,0,w,0,0,0,0
9,10161,l,wl,*job*/com.motorola.moto/com.motorola.mototips.tips.scheduler.TipsJob,0,f,0,0,0,0,0,p,0,0,0,0,0,bp,0,0,0,0,0,w,0,0,0,0
9,10161,l,wl,Icing,0,f,0,0,0,0,0,p,0,0,0,0,0,bp,0,0,0,0,0,w,0,0,0,0
9,10161,l,wl,*job*/com.motorola.moto/com.motorola.mya.memorymodel.associative.btuseractivity.BtContextJobService,0,f,0,0,0,0,0,p,0,0,0,0,0,bp,0,0,0,0,0,w,0,0,0,0
9,10161,l,wl,*job*/com.motorola.moto/com.motorola.mya.predictionengine.datagenerator.LoadDatasetJobService,0,f,0,0,0,0,0,p,0,0,0,0,0,bp,0,0,0,0,0,w,0,0,0,0
9,10161,l,wl,*job*/com.motorola.moto/com.motorola.mya.engine.service.predicates.app.AppUsageDataCollector,0,f,0,0,0,0,0,p,0,0,0,0,0,bp,0,0,0,0,0,w,0,0,0,0
9,10161,l,apk,0,com.motorola.moto,com.motorola.mya.engine.service.InitForegroundService,0,2,2
9,10161,l,apk,0,com.motorola.moto,com.motorola.mya.engine.service.ContextEngineService,0,0,2
9,10161,l,apk,0,com.motorola.moto,com.motorola.mya.MayaManagerService,0,0,2
9,10161,l,apk,0,com.motorola.moto,com.motorola.mya.semantic.service.SemanticLocationService,0,0,2
9,10162,l,awl,0,0
9,10162,l,wl,*alarm*,0,f,0,0,0,0,0,p,0,0,0,0,0,bp,0,0,0,0,0,w,0,0,0,0
9,10162,l,wl,*job*/com.motorola.mototour/com.motorola.analytics.AnalyticsIntentService,0,f,0,0,0,0,0,p,0,0,0,0,0,bp,0,0,0,0,0,w,0,0,0,0
9,10163,l,awl,0,0
9,10163,l,wl,Application creation -> Application.onCreate -> Startup Listeners -> AfterPackageReplaced -> StartupAfterPackageReplaced,0,f,0,0,0,0,0,p,0,0,0,0,0,bp,0,0,0,0,0,w,0,0,0,0
9,10163,l,wl,*job*/com.google.android.dialer/androidx.work.impl.background.systemjob.SystemJobService,0,f,0,0,0,0,0,p,0,0,0,0,0,bp,0,0,0,0,0,w,0,0,0,0
9,10163,l,wl,TikTokWorker#com.google.apps.tiktok.sync.impl.workmanager.SyncWorker startWork(),0,f,0,0,0,0,0,p,0,0,0,0,0,bp,0,0,0,0,0,w,0,0,0,0
9,10163,l,wl,Icing,0,f,0,0,0,0,0,p,0,0,0,0,0,bp,0,0,0,0,0,w,0,0,0,0
9,10163,l,wl,*job*/com.google.android.dialer/com.android.dialer.spam.inapp.SpamJobService,0,f,0,0,0,0,0,p,0,0,0,0,0,bp,0,0,0,0,0,w,0,0,0,0
9,10163,l,wl,*job*/com.google.android.dialer/com.google.android.libraries.internal.growth.growthkit.internal.jobs.impl.GrowthKitJobService,0,f,0,0,0,0,0,p,0,0,0,0,0,bp,0,0,0,0,0,w,0,0,0,0
9,10164,l,awl,0,0
9,10164,l,wl,Icing,0,f,0,0,0,0,0,p,0,0,0,0,0,bp,0,0,0,0,0,w,0,0,0,0
9,10164,l,apk,0,com.motorola.help,com.motorola.feedback.logrequest.service.LogCollectionService,0,0,2
9,10164,l,apk,0,com.motorola.help,com.google.firebase.auth.api.fallback.service.FirebaseAuthFallbackService,0,0,1
9,10165,l,awl,0,0
9,10165,l,wl,*job*/com.motorola.telprov/com.motorola.imsprovisioning.jobs.CoreJobIntentService,0,f,0,0,0,0,0,p,0,0,0,0,0,bp,0,0,0,0,0,w,0,0,0,0
9,10168,l,awl,0,0
9,10168,l,wl,fiid-sync,0,f,0,0,0,0,0,p,0,0,0,0,0,bp,0,0,0,0,0,w,0,0,0,0
9,10168,l,wl,*job*/com.android.imsserviceentitlement/.fcm.FcmRegistrationService,0,f,0,0,0,0,0,p,0,0,0,0,0,bp,0,0,0,0,0,w,0,0,0,0
9,10172,l,awl,0,0
9,10172,l,wl,*job*/com.google.android.carrier/.UpdateService,0,f,0,0,0,0,0,p,0,0,0,0,0,bp,0,0,0,0,0,w,0,0,0,0
9,10172,l,wl,*job*/com.google.android.carrier/.PhenotypeCommitterService,0,f,0,0,0,0,0,p,0,0,0,0,0,bp,0,0,0,0,0,w,0,0,0,0
9,10176,l,awl,0,0
9,10176,l,wl,*job*/com.google.android.apps.nbu.files/com.google.android.libraries.internal.growth.growthkit.internal.jobs.impl.GrowthKitJobService,0,f,0,0,0,0,0,p,0,0,0,0,0,bp,0,0,0,0,0,w,0,0,0,0
9,10176,l,wl,*job*/com.google.android.apps.nbu.files/.mediastore.MediaStoreContentChangeListenerService,0,f,0,0,0,0,0,p,0,0,0,0,0,bp,0,0,0,0,0,w,0,0,0,0
9,10178,l,apk,0,com.motorola.omadm.service,com.motorola.omadm.service.DMClientService,0,1,1
9,10179,l,awl,0,0
9,10179,l,wl,bugle_datamodel_executor_wakelock,0,f,0,0,0,0,0,p,0,0,0,0,0,bp,0,0,0,0,0,w,0,0,0,0
9,10179,l,wl,*job*/com.google.android.apps.messaging/com.google.android.libraries.internal.growth.growthkit.internal.jobs.impl.GrowthKitJobService,0,f,0,0,0,0,0,p,0,0,0,0,0,bp,0,0,0,0,0,w,0,0,0,0
9,10179,l,wl,*alarm*,0,f,0,0,0,0,0,p,0,0,0,0,0,bp,0,0,0,0,0,w,0,0,0,0
9,10179,l,wl,PhoneBootAndPackageReplacedReceiver Receive broadcast -> ReceiverDoInBackground -> WorkQueueImpl#queueWorkItemAndReturnFuture -> DatabasePlugin#executeInTransaction1 -> executeInTransaction running transactionBlock -> refresh_incoming_message_notifications,0,f,0,0,0,0,0,p,0,0,0,0,0,bp,0,0,0,0,0,w,0,0,0,0
9,10179,l,wl,PhoneBootAndPackageReplacedReceiver Receive broadcast -> ReceiverDoInBackground -> WorkQueueImpl#queueWorkItemAndReturnFuture -> DatabasePlugin#executeInTransaction1 -> executeInTransaction running transactionBlock -> expire_wap_push_si_message,0,f,0,0,0,0,0,p,0,0,0,0,0,bp,0,0,0,0,0,w,0,0,0,0
9,10179,l,wl,fiid-sync,0,f,0,0,0,0,0,p,0,0,0,0,0,bp,0,0,0,0,0,w,0,0,0,0
9,10179,l,wl,TikTokWorker#com.google.apps.tiktok.sync.impl.workmanager.SyncWorker startWork(),0,f,0,0,0,0,0,p,0,0,0,0,0,bp,0,0,0,0,0,w,0,0,0,0
9,10179,l,wl,Icing,0,f,0,0,0,0,0,p,0,0,0,0,0,bp,0,0,0,0,0,w,0,0,0,0
9,10179,l,wl,BuglePhoneApplicationBase#fetchDarkMode -> Application creation -> Application.onCreate -> StartupHandlerImpl#onApplicationCreated -> StartupHandlerImpl#onApplicationCreatedInternal -> PhoneAsyncAppCreateStartupTask -> DatabaseHelperBasic#getDatabaseWrapperForAnyThread create -> DatabaseHelperBasic#doInitialization -> DatabaseHelperBasic#getOrCreateDatabase -> DatabaseHelperBasic#createSchema -> WorkQueueImpl#queueWorkItemAndReturnFuture -> DatabasePlugin#executeInTransaction1 -> executeInTransaction running transactionBlock -> forward_sync_batch,0,f,0,0,0,0,0,p,0,0,0,0,0,bp,0,0,0,0,0,w,0,0,0,0
9,10179,l,wl,*job*/com.google.android.apps.messaging/.shared.datamodel.action.execution.ActionJobService,0,f,0,0,0,0,0,p,0,0,0,0,0,bp,0,0,0,0,0,w,0,0,0,0
9,10179,l,wl,BuglePhoneApplicationBase#fetchDarkMode -> Application creation -> Application.onCreate -> Startup Listeners -> AfterPackageReplaced -> StartupAfterPackageReplaced,0,f,0,0,0,0,0,p,0,0,0,0,0,bp,0,0,0,0,0,w,0,0,0,0
9,10179,l,wl,*job*/com.google.android.apps.messaging/androidx.work.impl.background.systemjob.SystemJobService,0,f,0,0,0,0,0,p,0,0,0,0,0,bp,0,0,0,0,0,w,0,0,0,0
9,10179,l,apk,0,com.google.android.apps.messaging,androidx.work.impl.background.systemjob.SystemJobService,0,0,1
9,10179,l,apk,0,com.google.android.apps.messaging,com.google.android.apps.messaging.shared.fcm.impl.BugleFirebaseMessagingService,0,0,1
9,10180,l,awl,0,0
9,10180,l,wl,*job*/com.android.vending/com.google.android.finsky.scheduler.process.backgroundimpl.PhoneskyJobServiceBackground,0,f,0,0,0,0,0,p,0,0,0,0,0,bp,0,0,0,0,0,w,0,0,0,0
9,10180,l,wl,*job*/com.android.vending/com.google.android.finsky.instantapps.hint.AppPreloadHygieneService,0,f,0,0,0,0,0,p,0,0,0,0,0,bp,0,0,0,0,0,w,0,0,0,0
9,10180,l,wl,*job*/com.android.vending/com.google.android.finsky.instantapps.dna.ArchivePrefetchService,0,f,0,0,0,0,0,p,0,0,0,0,0,bp,0,0,0,0,0,w,0,0,0,0
9,10180,l,wl,fiid-sync,0,f,0,0,0,0,0,p,0,0,0,0,0,bp,0,0,0,0,0,w,0,0,0,0
9,10180,l,wl,Icing,0,f,0,0,0,0,0,p,0,0,0,0,0,bp,0,0,0,0,0,w,0,0,0,0
9,10180,l,wl,*job*/com.android.vending/com.google.android.finsky.scheduler.process.mainimpl.PhoneskyJobServiceMain,0,f,0,0,0,0,0,p,0,0,0,0,0,bp,0,0,0,0,0,w,0,0,0,0
9,10180,l,wl,*job*/com.android.vending/com.google.android.finsky.instantapps.statussync.EnabledStatusSyncService,0,f,0,0,0,0,0,p,0,0,0,0,0,bp,0,0,0,0,0,w,0,0,0,0
9,10180,l,wl,*job*/DownloadManager:com.android.providers.downloads,0,f,0,0,0,0,0,p,0,0,0,0,0,bp,0,0,0,0,0,w,0,0,0,0
9,10180,l,wl,*job*/com.android.vending/com.google.android.finsky.instantapps.PhenotypeUpdateService,0,f,0,0,0,0,0,p,0,0,0,0,0,bp,0,0,0,0,0,w,0,0,0,0
9,10180,l,apk,0,com.android.vending,com.google.android.finsky.deviceconfig.PhoneskyFirebaseMessagingService,0,0,1
9,10180,l,apk,0,com.android.vending,com.google.android.finsky.scheduler.process.backgroundimpl.PhoneskyJobServiceBackground,0,0,1
9,10180,l,apk,0,com.android.vending,com.google.android.finsky.setup.PlaySetupServiceV2,0,0,1
9,10182,l,awl,0,0
9,10182,l,wl,Application creation -> Application.onCreate -> Startup Listeners -> AfterPackageReplaced -> StartupAfterPackageReplaced,0,f,0,0,0,0,0,p,0,0,0,0,0,bp,0,0,0,0,0,w,0,0,0,0
9,10182,l,wl,Icing,0,f,0,0,0,0,0,p,0,0,0,0,0,bp,0,0,0,0,0,w,0,0,0,0
9,10182,l,apk,0,com.google.android.tts,com.google.android.apps.speech.tts.googletts.service.GoogleTTSService,0,0,2
9,10183,l,awl,0,0
9,10183,l,wl,*alarm*,0,f,0,0,0,0,0,p,0,0,0,0,0,bp,0,0,0,0,0,w,0,0,0,0
9,10183,l,wl,Icing,0,f,0,0,0,0,0,p,0,0,0,0,0,bp,0,0,0,0,0,w,0,0,0,0
9,10183,l,apk,0,com.motorola.timeweatherwidget,com.motorola.commandcenter.weather.KeepLiveService,0,0,2
9,10184,l,awl,0,0
9,10184,l,wl,*job*/com.motorola.appforecast/androidx.work.impl.background.systemjob.SystemJobService,0,f,0,0,0,0,0,p,0,0,0,0,0,bp,0,0,0,0,0,w,0,0,0,0
9,10184,l,wl,Icing,0,f,0,0,0,0,0,p,0,0,0,0,0,bp,0,0,0,0,0,w,0,0,0,0
9,10184,l,apk,0,com.motorola.appforecast,com.motorola.appforecast.AppForecastService,0,0,2
9,10186,l,awl,0,0
9,10186,l,wl,fiid-sync,0,f,0,0,0,0,0,p,0,0,0,0,0,bp,0,0,0,0,0,w,0,0,0,0
9,10186,l,wl,Icing,0,f,0,0,0,0,0,p,0,0,0,0,0,bp,0,0,0,0,0,w,0,0,0,0
9,10186,l,wl,ChimeExecutorApi::com.google.android.videos,0,f,0,0,0,0,0,p,0,0,0,0,0,bp,0,0,0,0,0,w,0,0,0,0
9,10186,l,wl,*job*/com.google.android.videos/com.google.android.libraries.notifications.entrypoints.scheduled.ScheduledTaskService,0,f,0,0,0,0,0,p,0,0,0,0,0,bp,0,0,0,0,0,w,0,0,0,0
9,10186,l,wl,*job*/com.google.android.videos/androidx.work.impl.background.systemjob.SystemJobService,0,f,0,0,0,0,0,p,0,0,0,0,0,bp,0,0,0,0,0,w,0,0,0,0
9,10189,l,apk,0,com.motorola.thermalservice,com.motorola.thermalservice.BatteryTempPolicy,0,1,1
9,10191,l,awl,0,0
9,10191,l,wl,Application creation -> Application.onCreate -> Startup Listeners -> AfterPackageReplaced -> StartupAfterPackageReplaced,0,f,0,0,0,0,0,p,0,0,0,0,0,bp,0,0,0,0,0,w,0,0,0,0
9,10191,l,wl,fiid-sync,0,f,0,0,0,0,0,p,0,0,0,0,0,bp,0,0,0,0,0,w,0,0,0,0
9,10191,l,wl,Icing,0,f,0,0,0,0,0,p,0,0,0,0,0,bp,0,0,0,0,0,w,0,0,0,0
9,10191,l,wl,*job*/com.google.android.youtube/androidx.work.impl.background.systemjob.SystemJobService,0,f,0,0,0,0,0,p,0,0,0,0,0,bp,0,0,0,0,0,w,0,0,0,0
9,10192,l,awl,0,0
9,10192,l,wl,*dexopt*,0,f,0,0,0,0,0,p,0,0,0,0,0,bp,0,0,0,0,0,w,0,0,0,0
9,10192,l,wl,Icing,0,f,0,0,0,0,0,p,0,0,0,0,0,bp,0,0,0,0,0,w,0,0,0,0
9,10194,l,apk,0,com.qualcomm.qti.devicestatisticsservice,com.qualcomm.qti.devicestatisticsservice.DeviceStatisticsService,0,2,2
9,10195,l,awl,0,0
9,10195,l,wl,fiid-sync,0,f,0,0,0,0,0,p,0,0,0,0,0,bp,0,0,0,0,0,w,0,0,0,0
9,10195,l,wl,*job*/com.google.android.apps.youtube.music/androidx.work.impl.background.systemjob.SystemJobService,0,f,0,0,0,0,0,p,0,0,0,0,0,bp,0,0,0,0,0,w,0,0,0,0
9,10198,l,awl,0,0
9,10198,l,wl,*job*/com.google.android.apps.photos/com.google.android.libraries.social.async.BackgroundTaskJobService,0,f,0,0,0,0,0,p,0,0,0,0,0,bp,0,0,0,0,0,w,0,0,0,0
9,10198,l,wl,*job*/com.google.android.apps.photos/com.google.android.libraries.notifications.entrypoints.scheduled.ScheduledTaskService,0,f,0,0,0,0,0,p,0,0,0,0,0,bp,0,0,0,0,0,w,0,0,0,0
9,10198,l,wl,BackgroundTaskService-UpdateFlagsTask,0,f,0,0,0,0,0,p,0,0,0,0,0,bp,0,0,0,0,0,w,0,0,0,0
9,10198,l,wl,BackgroundTaskService-SyncAcctsForLoginTask,0,f,0,0,0,0,0,p,0,0,0,0,0,bp,0,0,0,0,0,w,0,0,0,0
9,10198,l,wl,*job*/com.google.android.apps.photos/.jobqueue.PhotosJobQueueJobsService,0,f,0,0,0,0,0,p,0,0,0,0,0,bp,0,0,0,0,0,w,0,0,0,0
9,10198,l,wl,*job*/com.google.android.apps.photos/.dbprocessor.impl.DatabaseProcessorJobService,0,f,0,0,0,0,0,p,0,0,0,0,0,bp,0,0,0,0,0,w,0,0,0,0
9,10198,l,wl,*job*/com.google.android.apps.photos/.account.full.SyncAccountsForLoginService,0,f,0,0,0,0,0,p,0,0,0,0,0,bp,0,0,0,0,0,w,0,0,0,0
9,10198,l,wl,*job*/com.google.android.apps.photos/com.google.android.libraries.social.mediamonitor.MediaMonitorJobSchedulerService,0,f,0,0,0,0,0,p,0,0,0,0,0,bp,0,0,0,0,0,w,0,0,0,0
9,10198,l,wl,*job*/com.google.android.apps.photos/androidx.work.impl.background.systemjob.SystemJobService,0,f,0,0,0,0,0,p,0,0,0,0,0,bp,0,0,0,0,0,w,0,0,0,0
9,10198,l,wl,*job*/com.google.android.apps.photos/.jobqueue.PhotosOfflineJobQueueJobsService,0,f,0,0,0,0,0,p,0,0,0,0,0,bp,0,0,0,0,0,w,0,0,0,0
9,10198,l,wl,ChimeExecutorApi::com.google.android.apps.photos,0,f,0,0,0,0,0,p,0,0,0,0,0,bp,0,0,0,0,0,w,0,0,0,0
9,10200,l,awl,0,0
9,10200,l,wl,Application creation -> Application.onCreate -> Startup Listeners -> AfterPackageReplaced -> StartupAfterPackageReplaced,0,f,0,0,0,0,0,p,0,0,0,0,0,bp,0,0,0,0,0,w,0,0,0,0
9,10200,l,wl,WorkManager:TikTokListenableWorker startWork -> TikTokWorker#com.google.apps.tiktok.sync.impl.workmanager.SyncWorker startWork(),0,f,0,0,0,0,0,p,0,0,0,0,0,bp,0,0,0,0,0,w,0,0,0,0
9,10200,l,wl,*job*/com.google.android.gm/com.android.email.job.BootCompletedJob$BootCompletedJobService,0,f,0,0,0,0,0,p,0,0,0,0,0,bp,0,0,0,0,0,w,0,0,0,0
9,10200,l,wl,ChimeExecutorApi::com.google.android.gm,0,f,0,0,0,0,0,p,0,0,0,0,0,bp,0,0,0,0,0,w,0,0,0,0
9,10200,l,wl,*job*/com.google.android.gm/.job.GoogleMailWidgetAndShortcutSwitchJob$GoogleMailWidgetAndShortcutSwitchJobService,0,f,0,0,0,0,0,p,0,0,0,0,0,bp,0,0,0,0,0,w,0,0,0,0
9,10200,l,wl,fiid-sync,0,f,0,0,0,0,0,p,0,0,0,0,0,bp,0,0,0,0,0,w,0,0,0,0
9,10200,l,wl,Icing,0,f,0,0,0,0,0,p,0,0,0,0,0,bp,0,0,0,0,0,w,0,0,0,0
9,10200,l,wl,*job*/com.google.android.gm/.job.ProviderCreatedJob$ProviderCreatedJobService,0,f,0,0,0,0,0,p,0,0,0,0,0,bp,0,0,0,0,0,w,0,0,0,0
9,10200,l,wl,*job*/com.google.android.gm/androidx.work.impl.background.systemjob.SystemJobService,0,f,0,0,0,0,0,p,0,0,0,0,0,bp,0,0,0,0,0,w,0,0,0,0
9,10200,l,wl,*job*/com.google.android.gm/com.google.android.libraries.notifications.entrypoints.scheduled.ScheduledTaskService,0,f,0,0,0,0,0,p,0,0,0,0,0,bp,0,0,0,0,0,w,0,0,0,0
9,10200,l,wl,*job*/com.google.android.gm/com.android.mail.job.NotifyDatasetChangedJob$NotifyDatasetChangedJobService,0,f,0,0,0,0,0,p,0,0,0,0,0,bp,0,0,0,0,0,w,0,0,0,0
9,10201,l,awl,0,0
9,10201,l,wl,com.google.android.deskclock:AlarmAsyncTask,0,f,0,0,0,0,0,p,0,0,0,0,0,bp,0,0,0,0,0,w,0,0,0,0
9,10202,l,awl,0,0
9,10202,l,wl,Icing,0,f,0,0,0,0,0,p,0,0,0,0,0,bp,0,0,0,0,0,w,0,0,0,0
9,10202,l,apk,0,com.android.chrome,org.chromium.content.app.PrivilegedProcessService0,0,0,1
9,10202,l,apk,0,com.android.chrome,org.chromium.content.app.SandboxedProcessService0,0,0,2
9,10204,l,awl,0,0
9,10204,l,wl,*job*/com.google.android.apps.maps/com.google.android.apps.gmm.cloudmessage.chime.GmmChimeTaskService,0,f,0,0,0,0,0,p,0,0,0,0,0,bp,0,0,0,0,0,w,0,0,0,0
9,10204,l,wl,Icing,0,f,0,0,0,0,0,p,0,0,0,0,0,bp,0,0,0,0,0,w,0,0,0,0
9,10205,l,awl,0,0
9,10205,l,wl,*job*/com.google.android.webview/org.chromium.android_webview.services.AwVariationsSeedFetcher,0,f,0,0,0,0,0,p,0,0,0,0,0,bp,0,0,0,0,0,w,0,0,0,0
9,10206,l,awl,0,0
9,10206,l,wl,Application creation -> Application.onCreate -> Startup Listeners -> AfterPackageReplaced -> StartupAfterPackageReplaced,0,f,0,0,0,0,0,p,0,0,0,0,0,bp,0,0,0,0,0,w,0,0,0,0
9,10206,l,wl,WorkManager:TikTokListenableWorker startWork -> TikTokWorker#com.google.apps.tiktok.sync.impl.workmanager.SyncWorker startWork(),0,f,0,0,0,0,0,p,0,0,0,0,0,bp,0,0,0,0,0,w,0,0,0,0
9,10206,l,wl,*job*/com.google.android.apps.subscriptions.red/com.google.android.libraries.internal.growth.growthkit.internal.jobs.impl.GrowthKitJobService,0,f,0,0,0,0,0,p,0,0,0,0,0,bp,0,0,0,0,0,w,0,0,0,0
9,10206,l,wl,Icing,0,f,0,0,0,0,0,p,0,0,0,0,0,bp,0,0,0,0,0,w,0,0,0,0
9,10206,l,wl,*job*/com.google.android.apps.subscriptions.red/com.google.android.libraries.notifications.entrypoints.scheduled.ScheduledTaskService,0,f,0,0,0,0,0,p,0,0,0,0,0,bp,0,0,0,0,0,w,0,0,0,0
9,10206,l,wl,Chime Library Trace,0,f,0,0,0,0,0,p,0,0,0,0,0,bp,0,0,0,0,0,w,0,0,0,0
9,10206,l,wl,*job*/com.google.android.apps.subscriptions.red/androidx.work.impl.background.systemjob.SystemJobService,0,f,0,0,0,0,0,p,0,0,0,0,0,bp,0,0,0,0,0,w,0,0,0,0
9,10206,l,wl,*job*/com.google.android.apps.subscriptions.red/.ppn.lib.PpnJobService,0,f,0,0,0,0,0,p,0,0,0,0,0,bp,0,0,0,0,0,w,0,0,0,0
9,10208,l,awl,0,0
9,10208,l,wl,Icing,0,f,0,0,0,0,0,p,0,0,0,0,0,bp,0,0,0,0,0,w,0,0,0,0
9,10209,l,awl,0,0
9,10209,l,wl,Icing,0,f,0,0,0,0,0,p,0,0,0,0,0,bp,0,0,0,0,0,w,0,0,0,0
9,10209,l,wl,*job*/com.motorola.audiofx/androidx.work.impl.background.systemjob.SystemJobService,0,f,0,0,0,0,0,p,0,0,0,0,0,bp,0,0,0,0,0,w,0,0,0,0
9,10209,l,apk,0,com.motorola.audiofx,com.motorola.motoaudio.data.service.MotoService,0,0,2
9,10210,l,awl,0,0
9,10210,l,wl,Application creation -> Application.onCreate -> Startup Listeners -> AfterPackageReplaced -> StartupAfterPackageReplaced,0,f,0,0,0,0,0,p,0,0,0,0,0,bp,0,0,0,0,0,w,0,0,0,0
9,10210,l,wl,*job*/com.google.android.apps.tachyon/androidx.work.impl.background.systemjob.SystemJobService,0,f,0,0,0,0,0,p,0,0,0,0,0,bp,0,0,0,0,0,w,0,0,0,0
9,10210,l,wl,fiid-sync,0,f,0,0,0,0,0,p,0,0,0,0,0,bp,0,0,0,0,0,w,0,0,0,0
9,10210,l,wl,*job*/com.google.android.apps.tachyon/com.google.android.libraries.internal.growth.growthkit.internal.jobs.impl.GrowthKitJobService,0,f,0,0,0,0,0,p,0,0,0,0,0,bp,0,0,0,0,0,w,0,0,0,0
9,10210,l,wl,Icing,0,f,0,0,0,0,0,p,0,0,0,0,0,bp,0,0,0,0,0,w,0,0,0,0
9,10210,l,wl,tachyon:BootReceiver,0,f,0,0,0,0,0,p,0,0,0,0,0,bp,0,0,0,0,0,w,0,0,0,0
9,10210,l,apk,0,com.google.android.apps.tachyon,com.google.android.apps.tachyon.call.service.CallService,0,0,1
9,10216,l,awl,0,0
9,10216,l,wl,*job*/com.google.android.calendar/com.google.android.libraries.notifications.entrypoints.scheduled.ScheduledTaskService,0,f,0,0,0,0,0,p,0,0,0,0,0,bp,0,0,0,0,0,w,0,0,0,0
9,10216,l,wl,*alarm*,0,f,0,0,0,0,0,p,0,0,0,0,0,bp,0,0,0,0,0,w,0,0,0,0
9,10216,l,wl,ChimeExecutorApi::com.google.android.calendar,0,f,0,0,0,0,0,p,0,0,0,0,0,bp,0,0,0,0,0,w,0,0,0,0
9,10216,l,wl,Icing,0,f,0,0,0,0,0,p,0,0,0,0,0,bp,0,0,0,0,0,w,0,0,0,0
9,10217,l,awl,0,0
9,10217,l,wl,superpacks:foreground_service,0,f,0,0,0,0,0,p,0,0,0,0,0,bp,0,0,0,0,0,w,0,0,0,0
9,10217,l,wl,Icing,0,f,0,0,0,0,0,p,0,0,0,0,0,bp,0,0,0,0,0,w,0,0,0,0
9,10217,l,wl,*job*/com.google.android.inputmethod.latin/com.google.android.apps.inputmethod.libs.dataservice.superpacks.SuperpacksBackgroundJobService,0,f,0,0,0,0,0,p,0,0,0,0,0,bp,0,0,0,0,0,w,0,0,0,0
9,10217,l,wl,*job*/com.google.android.inputmethod.latin/com.google.android.libraries.inputmethod.taskscheduler.JobSchedulerImpl$TaskRunnerJobService,0,f,0,0,0,0,0,p,0,0,0,0,0,bp,0,0,0,0,0,w,0,0,0,0
9,10217,l,apk,0,com.google.android.inputmethod.latin,com.android.inputmethod.latin.LatinIME,0,0,2
9,10218,l,awl,0,0
9,10218,l,wl,*job*/com.google.android.contacts/com.google.android.apps.contacts.shortcut.ShortcutJobService,0,f,0,0,0,0,0,p,0,0,0,0,0,bp,0,0,0,0,0,w,0,0,0,0
9,10218,l,wl,*job*/com.google.android.contacts/androidx.work.impl.background.systemjob.SystemJobService,0,f,0,0,0,0,0,p,0,0,0,0,0,bp,0,0,0,0,0,w,0,0,0,0
9,10218,l,wl,*job*/com.google.android.contacts/com.google.android.libraries.internal.growth.growthkit.internal.jobs.impl.GrowthKitJobService,0,f,0,0,0,0,0,p,0,0,0,0,0,bp,0,0,0,0,0,w,0,0,0,0
9,10218,l,wl,Icing,0,f,0,0,0,0,0,p,0,0,0,0,0,bp,0,0,0,0,0,w,0,0,0,0
9,10218,l,apk,0,com.google.android.contacts,androidx.work.impl.background.systemjob.SystemJobService,0,0,1
9,10220,l,awl,0,0
9,10220,l,wl,Icing,0,f,0,0,0,0,0,p,0,0,0,0,0,bp,0,0,0,0,0,w,0,0,0,0
9,10221,l,awl,0,0
9,10221,l,wl,*job*/com.motorola.ccc.devicemanagement/.BRBJobIntentService,0,f,0,0,0,0,0,p,0,0,0,0,0,bp,0,0,0,0,0,w,0,0,0,0
9,10221,l,wl,*alarm*,0,f,0,0,0,0,0,p,0,0,0,0,0,bp,0,0,0,0,0,w,0,0,0,0
9,10221,l,wl,*job*/com.motorola.ccc.devicemanagement/com.motorola.blur.service.blur.JobSchedulerService,0,f,0,0,0,0,0,p,0,0,0,0,0,bp,0,0,0,0,0,w,0,0,0,0
9,10221,l,wl,Icing,0,f,0,0,0,0,0,p,0,0,0,0,0,bp,0,0,0,0,0,w,0,0,0,0
9,10221,l,wl,*job*/com.motorola.ccc.notification/com.motorola.blur.service.blur.JobSchedulerService,0,f,0,0,0,0,0,p,0,0,0,0,0,bp,0,0,0,0,0,w,0,0,0,0
9,10221,l,wl,OtaApp,0,f,0,0,0,0,0,p,0,0,0,0,0,bp,0,0,0,0,0,w,0,0,0,0
9,10221,l,apk,0,com.motorola.android.fota,com.motorola.android.fota.FotaController,0,2,2
9,10221,l,apk,0,com.motorola.ccc.ota,com.motorola.ccc.ota.env.OtaService,0,2,2
9,10221,l,apk,0,com.motorola.ccc.devicemanagement,com.motorola.ccc.checkin.CheckinService,0,2,2
9,10221,l,apk,0,com.motorola.ccc.devicemanagement,com.motorola.blur.service.blur.BlurServiceMother,0,2,2
9,10221,l,apk,0,com.motorola.ccc.devicemanagement,com.motorola.ccc.devicemanagement.SystemServerBindService,0,0,2
9,10223,l,awl,0,0
9,10223,l,wl,*alarm*,0,f,0,0,0,0,0,p,0,0,0,0,0,bp,0,0,0,0,0,w,0,0,0,0
9,10223,l,wl,*job*/com.motorola.msimsettings/com.motorola.smartsim.checkin.SmartSimCheckinJobService,0,f,0,0,0,0,0,p,0,0,0,0,0,bp,0,0,0,0,0,w,0,0,0,0
9,10223,l,wl,Icing,0,f,0,0,0,0,0,p,0,0,0,0,0,bp,0,0,0,0,0,w,0,0,0,0
9,10223,l,wl,*job*/com.motorola.msimsettings/.assistant.dds.checkin.DdsAssistantCheckinJobService,0,f,0,0,0,0,0,p,0,0,0,0,0,bp,0,0,0,0,0,w,0,0,0,0
9,10223,l,apk,0,com.motorola.msimsettings,com.motorola.msimsettings.services.PersistentService,0,0,2
9,10224,l,awl,0,0
9,10224,l,wl,LocationService,0,f,0,0,0,0,0,p,0,0,0,0,0,bp,0,0,0,0,0,w,0,0,0,0
9,10224,l,apk,0,com.qualcomm.location,com.qualcomm.location.izat.IzatService,0,2,2
9,10224,l,apk,0,com.qualcomm.location,com.qualcomm.location.LocationService,0,2,2
9,10227,l,awl,0,0
9,10227,l,wl,*launch*,0,f,0,0,0,0,0,p,0,0,0,0,0,bp,0,0,0,0,0,w,0,0,0,0
9,10227,l,apk,0,com.motorola.launcher3,com.android.quickstep.TouchInteractionService,0,0,2
9,10227,l,apk,0,com.motorola.launcher3,com.android.launcher3.notification.NotificationListener,0,0,2
9,10228,l,awl,0,0
9,10228,l,wl,Icing,0,f,0,0,0,0,0,p,0,0,0,0,0,bp,0,0,0,0,0,w,0,0,0,0
9,10231,l,awl,0,0
9,10231,l,wl,*job*/com.motorola.hiddenmenuapp/com.sprint.ms.smf.configuration.ConfigurationJobService,0,f,0,0,0,0,0,p,0,0,0,0,0,bp,0,0,0,0,0,w,0,0,0,0
9,10231,l,wl,Icing,0,f,0,0,0,0,0,p,0,0,0,0,0,bp,0,0,0,0,0,w,0,0,0,0
9,10237,l,awl,0,0
9,10237,l,wl,*job*/com.motorola.discovery/.bubble.service.BubbleHintStarterService,0,f,0,0,0,0,0,p,0,0,0,0,0,bp,0,0,0,0,0,w,0,0,0,0
9,10239,l,awl,0,0
9,10239,l,wl,NotifyRegistrantLock,0,f,0,0,0,0,0,p,0,0,0,0,0,bp,0,0,0,0,0,w,0,0,0,0
9,10239,l,wl,ImsSenderRxr,0,f,0,0,0,0,0,p,0,0,0,0,0,bp,0,0,0,0,0,w,0,0,0,0
9,10239,l,apk,0,org.codeaurora.ims,org.codeaurora.ims.QtiImsExtService,0,0,2
9,10239,l,apk,0,org.codeaurora.ims,org.codeaurora.ims.ImsService,0,0,2
9,10242,l,awl,0,0
9,10242,l,wl,*alarm*,0,f,0,0,0,0,0,p,0,0,0,0,0,bp,0,0,0,0,0,w,0,0,0,0
9,10242,l,wl,DailyLoggingAlarm,0,f,0,0,0,0,0,p,0,0,0,0,0,bp,0,0,0,0,0,w,0,0,0,0
9,10243,l,awl,0,0
9,10243,l,wl,*alarm*,0,f,0,0,0,0,0,p,0,0,0,0,0,bp,0,0,0,0,0,w,0,0,0,0
9,10243,l,wl,*job*/com.motorola.lifetimedata/.service.LifetimeDataService,0,f,0,0,0,0,0,p,0,0,0,0,0,bp,0,0,0,0,0,w,0,0,0,0
9,10247,l,awl,0,0
9,10247,l,wl,QcrilOemhookMsgTunnel,0,f,0,0,0,0,0,p,0,0,0,0,0,bp,0,0,0,0,0,w,0,0,0,0
9,10247,l,apk,0,com.qti.phone,com.qti.phone.ExtTelephonyService,0,2,2
9,10247,l,apk,0,com.qualcomm.qcrilmsgtunnel,com.qualcomm.qcrilmsgtunnel.QcrilMsgTunnelService,0,2,2
9,10248,l,awl,0,0
9,10248,l,wl,RingtonePlayer,0,f,0,0,0,0,0,p,0,0,0,0,0,bp,0,0,0,0,0,w,0,0,0,0
9,10248,l,wl,AudioMix,0,f,0,0,0,0,0,p,0,0,0,0,0,bp,0,0,0,0,0,w,0,0,0,0
9,10248,l,wl,Icing,0,f,0,0,0,0,0,p,0,0,0,0,0,bp,0,0,0,0,0,w,0,0,0,0
9,10248,l,wl,WindowManager,0,f,0,-1,-1,-1,0,p,0,0,0,0,0,bp,0,0,0,0,0,w,0,0,0,0
9,10248,l,apk,0,com.android.systemui,com.android.systemui.ImageWallpaper,0,0,2
9,10248,l,apk,0,com.android.systemui,com.android.systemui.keyguard.KeyguardService,0,0,2
9,10248,l,apk,0,com.android.systemui,com.android.systemui.dump.SystemUIAuxiliaryDumpService,0,2,2
9,10248,l,apk,0,com.android.systemui,com.android.systemui.SystemUIService,0,2,2
9,10252,l,awl,0,0
9,10252,l,wl,*alarm*,0,f,0,0,0,0,0,p,0,0,0,0,0,bp,0,0,0,0,0,w,0,0,0,0
9,10252,l,apk,0,com.motorola.bach.modemstats,com.motorola.bach.modemstats.ModemStatsService,0,2,2
9,10252,l,apk,0,com.motorola.bach.modemstats,com.motorola.bach.modemstats.datastall.DataStallDetectService,0,2,2
9,10252,l,apk,0,com.motorola.bach.modemstats,com.motorola.bach.modemstats.nrcheckin.NRCheckinService,0,2,2
9,10255,l,awl,0,0
9,10255,l,wl,*job*/com.google.android.setupwizard/.deferred.DeferredSetupNotificationSchedulerService,0,f,0,0,0,0,0,p,0,0,0,0,0,bp,0,0,0,0,0,w,0,0,0,0
9,10255,l,wl,*job*/com.google.android.setupwizard/.predeferred.PreDeferredServiceScheduler,0,f,0,0,0,0,0,p,0,0,0,0,0,bp,0,0,0,0,0,w,0,0,0,0
9,10255,l,wl,*job*/com.google.android.setupwizard/.predeferred.PreDeferredLifecycleScheduler,0,f,0,0,0,0,0,p,0,0,0,0,0,bp,0,0,0,0,0,w,0,0,0,0
9,10255,l,wl,*launch*,0,f,0,0,0,0,0,p,0,0,0,0,0,bp,0,0,0,0,0,w,0,0,0,0
9,10255,l,wl,Icing,0,f,0,0,0,0,0,p,0,0,0,0,0,bp,0,0,0,0,0,w,0,0,0,0
9,10255,l,wl,*job*/com.google.android.setupwizard/.deferred.DeferredSetupScheduler,0,f,0,0,0,0,0,p,0,0,0,0,0,bp,0,0,0,0,0,w,0,0,0,0
9,10255,l,apk,0,com.google.android.setupwizard,com.google.android.setupwizard.predeferred.PreDeferredUpdateService,0,1,1
9,10255,l,apk,0,com.google.android.setupwizard,com.google.android.setupwizard.logging.ScreenOnClock,0,0,2
9,10255,l,apk,0,com.google.android.setupwizard,com.google.android.setupwizard.notification.SetupNotificationService,0,2,2
9,10256,l,apk,0,com.motorola.motocare,com.motorola.motocare.MotoCareService,0,1,1
9,10260,l,awl,0,0
9,10260,l,wl,Icing,0,f,0,0,0,0,0,p,0,0,0,0,0,bp,0,0,0,0,0,w,0,0,0,0
9,10262,l,apk,0,com.motorola.dciservice,com.motorola.dciservice.DciStatsService,0,0,2
9,10263,l,apk,0,com.qualcomm.qti.telephonyservice,com.qualcomm.qti.telephonyservice.QtiTelephonyService,0,2,2
9,10266,l,apk,0,com.motorola.ccc.mainplm,com.motorola.ccc.main.CCCMainService,0,1,1
9,10266,l,apk,0,com.motorola.ccc.mainplm,com.motorola.ccc.plm.launchmanager.LaunchManagerService,0,1,1
9,10268,l,awl,0,0
9,10268,l,wl,*job*/com.google.android.providers.media.module/com.android.providers.media.MediaService,0,f,0,0,0,0,0,p,0,0,0,0,0,bp,0,0,0,0,0,w,0,0,0,0
9,10268,l,apk,0,com.google.android.providers.media.module,com.android.providers.media.fuse.ExternalStorageServiceImpl,0,0,2
9,10271,l,apk,0,com.google.android.ext.services,android.ext.services.autofill.InlineSuggestionRenderServiceImpl,0,0,2
9,10271,l,apk,0,com.google.android.ext.services,android.ext.services.notification.Assistant,0,0,2
9,10272,l,awl,0,0
9,10272,l,wl,Icing,0,f,0,0,0,0,0,p,0,0,0,0,0,bp,0,0,0,0,0,w,0,0,0,0
9,10272,l,apk,0,com.google.android.permissioncontroller,com.android.permissioncontroller.role.service.RoleControllerServiceImpl,0,0,2
9,10272,l,apk,0,com.google.android.permissioncontroller,com.android.permissioncontroller.permission.service.PermissionControllerServiceImpl,0,0,1
9,10274,l,awl,0,0
9,10274,l,wl,Icing,0,f,0,0,0,0,0,p,0,0,0,0,0,bp,0,0,0,0,0,w,0,0,0,0
9,10277,l,awl,0,0
9,10277,l,wl,*dexopt*,0,f,0,0,0,0,0,p,0,0,0,0,0,bp,0,0,0,0,0,w,0,0,0,0
9,10277,l,wl,*launch*,0,f,0,0,0,0,0,p,0,0,0,0,0,bp,0,0,0,0,0,w,0,0,0,0
9,10277,l,wl,Icing,0,f,0,0,0,0,0,p,0,0,0,0,0,bp,0,0,0,0,0,w,0,0,0,0
9,10277,l,apk,0,com.lf.coupon,org.chromium.content.app.SandboxedProcessService0:0,0,0,1
9,10278,l,awl,0,0
9,10278,l,wl,*dexopt*,0,f,0,0,0,0,0,p,0,0,0,0,0,bp,0,0,0,0,0,w,0,0,0,0
9,10278,l,wl,*launch*,0,f,0,0,0,0,0,p,0,0,0,0,0,bp,0,0,0,0,0,w,0,0,0,0
9,10278,l,wl,Icing,0,f,0,0,0,0,0,p,0,0,0,0,0,bp,0,0,0,0,0,w,0,0,0,0
9,10279,l,awl,0,0
9,10279,l,wl,*dexopt*,0,f,0,0,0,0,0,p,0,0,0,0,0,bp,0,0,0,0,0,w,0,0,0,0
9,10279,l,wl,*launch*,0,f,0,0,0,0,0,p,0,0,0,0,0,bp,0,0,0,0,0,w,0,0,0,0
9,10279,l,wl,Icing,0,f,0,0,0,0,0,p,0,0,0,0,0,bp,0,0,0,0,0,w,0,0,0,0
9,10279,l,apk,0,com.emanuelef.remote_capture,com.emanuelef.remote_capture.CaptureService,0,1,1
